rsp_id,rsp_id2,country,mig_ext_motivo,migrated_yn_5,CARI,income_per_capita_tier,mig_ext_intention,mig_ext_plan_12months,mig_ext_preparacion,motiv_cat
12,rsp12,GT,1 2 6,1,2,4,0,,,econ-1
15,rsp15,HND,1 8,1,2,4,1,0,,econ-1
24,rsp24,HND,1 2 6,1,2,5,1,1,1,econ-1
29,rsp29,GT,1 8,1,2,2,0,,,econ-1
31,rsp31,SLV,1,1,2,3,0,,,econ-1
32,rsp32,GT,1 7 8,1,1,5,0,,,econ-1
36,rsp36,SLV,11,1,2,4,1,0,,sec-1
38,rsp38,SLV,8 1 2,1,2,4,1,0,,econ-1
39,rsp39,SLV,1 2 8,1,2,4,1,0,,econ-1
41,rsp41-1,GT,1,1,2,3,0,,,econ-1
41,rsp41-2,GT,1,1,2,3,0,,,econ-1
43,rsp43,GT,1,1,2,4,1,1,1,econ-1
46,rsp46,HND,1 8,1,1,2,1,0,,econ-1
47,rsp47-1,HND,8,1,2,1,0,,,econ-1
47,rsp47-2,HND,8,1,2,1,0,,,econ-1
49,rsp49,HND,2 6,1,1,2,0,,,econ-1
50,rsp50-1,GT,1 2 8,1,1,2,0,,,econ-1
50,rsp50-2,GT,1 9,1,1,2,0,,,econ-oth-2
52,rsp52,GT,1 2,1,1,5,1,1,0,econ-1
53,rsp53,GT,1 8,1,1,1,1,0,,econ-1
56,rsp56,GT,1 8,1,1,1,1,1,1,econ-1
63,rsp63,HND,1,1,2,2,0,,,econ-1
69,rsp69-1,HND,1,1,2,1,1,1,1,econ-1
69,rsp69-2,HND,1,1,2,1,1,1,1,econ-1
71,rsp71-1,HND,16,1,2,1,1,0,,oth-1
71,rsp71-2,HND,1,1,2,1,1,0,,econ-1
72,rsp72,HND,1 6,1,1,2,1,0,,econ-1
78,rsp78-1,HND,16,1,1,1,0,,,oth-1
78,rsp78-2,HND,1,1,1,1,0,,,econ-1
80,rsp80,HND,1 2,1,1,4,99,,,econ-1
88,rsp88,HND,2 1,1,1,2,1,0,,econ-1
91,rsp91,GT,1 6 8,1,2,3,1,0,,econ-1
95,rsp95-1,HND,2,1,1,2,1,0,,econ-1
95,rsp95-2,HND,2,1,1,2,1,0,,econ-1
96,rsp96,HND,1,1,2,2,1,0,,econ-1
97,rsp97,HND,1 2 6,1,2,3,1,0,,econ-1
99,rsp99,GT,1 6,1,2,4,1,0,,econ-1
100,rsp100,GT,1 6 7,1,2,5,1,0,,econ-1
102,rsp102,GT,1 2,1,2,2,1,0,,econ-1
108,rsp108,GT,2,1,2,4,1,1,1,econ-1
111,rsp111,GT,1 6 9,1,2,1,1,0,,econ-oth-2
115,rsp115,HND,1 2 7,1,1,2,1,0,,econ-1
119,rsp119,HND,1 6 8,1,1,3,1,0,,econ-1
120,rsp120,HND,1,1,1,4,1,1,0,econ-1
122,rsp122-1,HND,1,1,1,1,1,1,0,econ-1
122,rsp122-2,HND,1,1,1,1,1,1,0,econ-1
122,rsp122-3,HND,6 7 11,1,1,1,1,1,0,econ-sec-2
126,rsp126-1,HND,1,1,3,3,1,0,,econ-1
126,rsp126-2,HND,1,1,3,3,1,0,,econ-1
131,rsp131-1,HND,9 6 8,1,1,2,1,1,1,econ-oth-2
131,rsp131-2,HND,99,1,1,2,1,1,1,oth-1
132,rsp132,HND,1,1,1,2,0,,,econ-1
134,rsp134,HND,1 2,1,2,1,1,0,,econ-1
141,rsp141,HND,9 12,1,2,4,1,0,,reun-oth-2
142,rsp142,HND,1,1,3,3,1,1,0,econ-1
161,rsp161,HND,2,1,3,1,0,,,econ-1
181,rsp181,HND,1 2,1,1,1,1,0,,econ-1
182,rsp182,HND,1 2,1,1,4,1,0,,econ-1
184,rsp184,GT,1 2,1,1,4,0,,,econ-1
189,rsp189,GT,1 12,1,1,4,1,0,,econ-reun-2
191,rsp191,GT,1 6 8,1,2,2,0,,,econ-1
199,rsp199-1,GT,9 1,1,1,2,0,,,econ-oth-2
199,rsp199-2,GT,1 8,1,1,2,0,,,econ-1
206,rsp206,GT,1 2 8,1,2,4,0,,,econ-1
209,rsp209,HND,1 3 4,1,2,2,1,0,,econ-clim-2
214,rsp214-1,GT,1 2,1,4,1,1,1,0,econ-1
214,rsp214-2,GT,2 7,1,4,1,1,1,0,econ-1
217,rsp217,GT,1 9 8,1,2,3,0,,,econ-oth-2
218,rsp218-1,GT,1 2 6,1,2,4,0,,,econ-1
218,rsp218-2,GT,1,1,2,4,0,,,econ-1
224,rsp224,GT,1,1,2,3,0,,,econ-1
225,rsp225-1,GT,1 2,1,3,1,1,0,,econ-1
225,rsp225-2,GT,1,1,3,1,1,0,,econ-1
229,rsp229,GT,1 8,1,1,1,1,0,,econ-1
230,rsp230,GT,1,1,1,2,0,,,econ-1
243,rsp243,GT,1 2 7,1,1,5,0,,,econ-1
245,rsp245,GT,1,1,2,4,1,0,,econ-1
249,rsp249,GT,12 15,1,1,4,1,1,1,reun-oth-2
250,rsp250-1,GT,1 7 6,1,2,4,1,1,1,econ-1
250,rsp250-2,GT,2 1 11,1,2,4,1,1,1,econ-sec-2
250,rsp250-3,GT,7 9,1,2,4,1,1,1,econ-oth-2
250,rsp250-4,GT,16,1,2,4,1,1,1,oth-1
250,rsp250-5,GT,16,1,2,4,1,1,1,oth-1
258,rsp258-1,GT,1 2 6,1,1,4,0,,,econ-1
258,rsp258-2,GT,1 2,1,1,4,0,,,econ-1
268,rsp268,GT,7,1,2,3,1,1,1,econ-1
269,rsp269,GT,6 7 14,1,2,3,1,0,,econ-oth-2
278,rsp278,GT,1 7,1,1,5,1,0,,econ-1
279,rsp279,GT,1,1,2,2,99,,,econ-1
280,rsp280,GT,6 8 7,1,1,3,99,,,econ-1
286,rsp286-1,GT,1 7 14,1,3,3,1,0,,econ-oth-2
286,rsp286-2,GT,14,1,3,3,1,0,,oth-1
288,rsp288,GT,1 6 7,1,1,4,99,,,econ-1
291,rsp291-1,GT,2 1,1,1,1,1,0,,econ-1
291,rsp291-2,GT,1 2,1,1,1,1,0,,econ-1
301,rsp301,GT,99 1 2,1,3,4,1,1,1,econ-1
302,rsp302-1,GT,1 2,1,2,4,1,0,,econ-1
302,rsp302-2,GT,1 2,1,2,4,1,0,,econ-1
303,rsp303,GT,1 2,1,2,1,0,,,econ-1
304,rsp304,GT,1,1,2,2,0,,,econ-1
305,rsp305,GT,1,1,2,2,1,0,,econ-1
306,rsp306-1,GT,1,1,3,5,0,,,econ-1
306,rsp306-2,GT,1,1,3,5,0,,,econ-1
321,rsp321,GT,1 8,1,1,2,1,1,1,econ-1
326,rsp326-1,HND,1,1,2,2,0,,,econ-1
326,rsp326-2,HND,1,1,2,2,0,,,econ-1
334,rsp334,HND,1 2,1,2,4,1,0,,econ-1
337,rsp337-1,HND,9 12,1,1,5,1,0,,reun-oth-2
337,rsp337-2,HND,1 12,1,1,5,1,0,,econ-reun-2
342,rsp342,HND,2,1,1,2,0,,,econ-1
346,rsp346,HND,1 6 7,1,1,2,1,0,,econ-1
351,rsp351,HND,1,1,2,4,1,1,0,econ-1
355,rsp355-1,HND,1,1,1,3,1,0,,econ-1
355,rsp355-2,HND,1,1,1,3,1,0,,econ-1
359,rsp359,HND,1 6,1,2,4,1,0,,econ-1
370,rsp370,HND,2 1 6,1,3,3,1,0,,econ-1
371,rsp371,HND,1 2 6,1,2,2,99,,,econ-1
373,rsp373-1,HND,1,1,3,1,1,0,,econ-1
373,rsp373-2,HND,1,1,3,1,1,0,,econ-1
381,rsp381-1,HND,1,1,1,2,1,0,,econ-1
381,rsp381-2,HND,1,1,1,2,1,0,,econ-1
390,rsp390-1,GT,9,1,3,4,0,,,oth-1
390,rsp390-2,GT,1,1,3,4,0,,,econ-1
391,rsp391-1,GT,1,1,3,4,0,,,econ-1
391,rsp391-2,GT,1,1,3,4,0,,,econ-1
394,rsp394,HND,1,1,2,1,1,0,,econ-1
396,rsp396-1,HND,1,1,2,2,1,0,,econ-1
396,rsp396-2,HND,1,1,2,2,1,0,,econ-1
399,rsp399,GT,1 7 8,1,2,4,1,0,,econ-1
403,rsp403,GT,8,1,1,5,1,1,1,econ-1
404,rsp404,GT,1 6,1,3,3,99,,,econ-1
406,rsp406,GT,1 7,1,2,3,1,0,,econ-1
407,rsp407,GT,1 7 14,1,3,1,1,1,0,econ-oth-2
411,rsp411-1,GT,1 2 16,1,2,3,1,1,0,econ-oth-2
411,rsp411-2,GT,1 2 11,1,2,3,1,1,0,econ-sec-2
416,rsp416,GT,1,1,1,3,0,,,econ-1
418,rsp418,GT,1 2,1,2,3,1,0,,econ-1
422,rsp422,GT,2,1,1,3,1,0,,econ-1
425,rsp425,GT,1 6,1,1,3,1,0,,econ-1
427,rsp427,GT,1 6,1,1,3,0,,,econ-1
429,rsp429,HND,2 1,1,2,4,0,,,econ-1
430,rsp430,HND,14 1 6,1,2,4,0,,,econ-oth-2
434,rsp434-1,HND,12,1,2,4,0,,,reun-1
434,rsp434-2,HND,12,1,2,4,0,,,reun-1
440,rsp440,HND,1 2,1,1,2,0,,,econ-1
442,rsp442-1,HND,1 2 8 11,1,2,1,1,0,,econ-sec-2
442,rsp442-2,HND,1 2,1,2,1,1,0,,econ-1
442,rsp442-3,HND,1 2,1,2,1,1,0,,econ-1
442,rsp442-4,HND,1 2,1,2,1,1,0,,econ-1
443,rsp443-1,HND,1 2 6 7,1,1,2,0,,,econ-1
443,rsp443-2,HND,1 2 7,1,1,2,0,,,econ-1
445,rsp445-1,HND,1 2 6 7 15,1,2,2,0,,,econ-oth-2
445,rsp445-2,HND,2 1 6 7,1,2,2,0,,,econ-1
448,rsp448,HND,1 2 7,1,2,1,1,1,1,econ-1
450,rsp450,GT,1 9,1,2,2,1,1,0,econ-oth-2
451,rsp451,GT,7 1 2,1,2,5,1,0,,econ-1
453,rsp453,GT,1 6,1,1,1,0,,,econ-1
454,rsp454,GT,7 1 2,1,1,3,1,0,,econ-1
456,rsp456,GT,1 7 2,1,2,4,99,,,econ-1
457,rsp457,GT,2 1 7,1,2,2,0,,,econ-1
458,rsp458,GT,6 1,1,1,2,0,,,econ-1
469,rsp469,GT,1 7,1,2,2,1,0,,econ-1
474,rsp474,GT,1 8 7,1,2,4,1,0,,econ-1
477,rsp477,GT,1 5 6,1,1,5,1,0,,econ-clim-2
479,rsp479,GT,12,1,1,5,0,,,reun-1
484,rsp484,GT,2 6 8,1,2,4,0,,,econ-1
486,rsp486,GT,1 2 3,1,3,4,0,,,econ-clim-2
491,rsp491,GT,1 4,1,3,3,0,,,econ-clim-2
495,rsp495,GT,12,1,2,4,0,,,reun-1
500,rsp500-1,HND,9,1,1,2,1,1,0,oth-1
500,rsp500-2,HND,1,1,1,2,1,1,0,econ-1
500,rsp500-3,HND,1,1,1,2,1,1,0,econ-1
504,rsp504,GT,1 6 8,1,1,2,1,0,,econ-1
511,rsp511,GT,1 8,1,3,4,1,0,,econ-1
519,rsp519,GT,1 7 8,1,1,2,0,,,econ-1
521,rsp521,GT,1 6,1,3,3,1,0,,econ-1
522,rsp522-1,GT,1 8 6,1,2,3,1,0,,econ-1
522,rsp522-2,GT,1 6 7,1,2,3,1,0,,econ-1
526,rsp526-1,GT,2 1,1,1,4,1,99,,econ-1
526,rsp526-2,GT,1,1,1,4,1,99,,econ-1
527,rsp527,GT,1 12,1,1,1,1,0,,econ-reun-2
532,rsp532,GT,1 2,1,3,2,0,,,econ-1
535,rsp535-1,HND,1,1,1,1,0,,,econ-1
535,rsp535-2,HND,1,1,1,1,0,,,econ-1
543,rsp543,GT,1 6,1,1,4,0,,,econ-1
546,rsp546,GT,1 2 6,1,1,4,0,,,econ-1
552,rsp552-1,HND,12,1,1,2,0,,,reun-1
552,rsp552-2,HND,11,1,1,2,0,,,sec-1
556,rsp556-1,GT,1 7,1,2,3,0,,,econ-1
556,rsp556-2,GT,1 2,1,2,3,0,,,econ-1
558,rsp558-1,GT,7 8,1,1,5,1,0,,econ-1
558,rsp558-2,GT,6 7,1,1,5,1,0,,econ-1
568,rsp568,GT,1 7 8,1,1,4,1,0,,econ-1
569,rsp569-1,GT,1,1,1,2,0,,,econ-1
569,rsp569-2,GT,1,1,1,2,0,,,econ-1
573,rsp573,GT,1,1,1,4,0,,,econ-1
575,rsp575,GT,1,1,3,1,0,,,econ-1
577,rsp577,GT,1,1,2,1,0,,,econ-1
578,rsp578-1,GT,1 2,1,2,1,1,1,1,econ-1
578,rsp578-2,GT,1 2,1,2,1,1,1,1,econ-1
578,rsp578-3,GT,1 7,1,2,1,1,1,1,econ-1
579,rsp579,GT,2 1,1,1,1,0,,,econ-1
582,rsp582-1,GT,1 2,1,2,1,0,,,econ-1
582,rsp582-2,GT,1 2 6,1,2,1,0,,,econ-1
591,rsp591-1,GT,7,1,1,4,1,1,0,econ-1
591,rsp591-2,GT,1,1,1,4,1,1,0,econ-1
598,rsp598,GT,1 2,1,2,4,1,1,0,econ-1
606,rsp606,GT,1,1,2,2,0,,,econ-1
607,rsp607,GT,1,1,2,1,0,,,econ-1
610,rsp610,HND,1 7 8,1,3,1,1,99,,econ-1
611,rsp611,GT,1 7,1,2,4,0,,,econ-1
613,rsp613-1,GT,1,1,1,2,99,,,econ-1
613,rsp613-2,GT,1,1,1,2,99,,,econ-1
613,rsp613-3,GT,1,1,1,2,99,,,econ-1
615,rsp615,GT,1 6,1,2,4,1,1,1,econ-1
623,rsp623,GT,1 2 6,1,2,5,0,,,econ-1
636,rsp636-1,GT,9,1,3,4,0,,,oth-1
636,rsp636-2,GT,1 2 7,1,3,4,0,,,econ-1
636,rsp636-3,GT,1 2 7,1,3,4,0,,,econ-1
637,rsp637-1,GT,16,1,2,4,1,0,,oth-1
637,rsp637-2,GT,1 7 2,1,2,4,1,0,,econ-1
638,rsp638,GT,1 2 7,1,1,1,0,,,econ-1
639,rsp639,GT,1 2 7,1,1,1,0,,,econ-1
641,rsp641,GT,1 7 2,1,2,1,1,1,1,econ-1
645,rsp645-1,GT,1 2 6,1,1,3,1,0,,econ-1
645,rsp645-2,GT,1 16,1,1,3,1,0,,econ-oth-2
645,rsp645-3,GT,1 16,1,1,3,1,0,,econ-oth-2
646,rsp646-1,GT,1,1,1,5,0,,,econ-1
646,rsp646-2,GT,1 2,1,1,5,0,,,econ-1
653,rsp653,GT,1 2 8,1,1,1,1,0,,econ-1
655,rsp655-1,GT,1 2 6,1,3,1,0,,,econ-1
655,rsp655-2,GT,1 2 6,1,3,1,0,,,econ-1
660,rsp660,GT,1 7 2,1,2,4,1,1,0,econ-1
665,rsp665,GT,15 16,1,1,4,0,,,oth-1
669,rsp669,GT,1,1,1,4,1,0,,econ-1
672,rsp672,GT,1 8,1,1,4,0,,,econ-1
674,rsp674,GT,1,1,2,4,0,,,econ-1
676,rsp676-1,GT,1 2,1,3,1,1,1,0,econ-1
676,rsp676-2,GT,1,1,3,1,1,1,0,econ-1
684,rsp684,GT,1 6 7,1,2,4,1,0,,econ-1
686,rsp686,GT,1 8 7,1,2,4,1,1,1,econ-1
691,rsp691-1,GT,1 6 8,1,2,5,1,0,,econ-1
691,rsp691-2,GT,1,1,2,5,1,0,,econ-1
698,rsp698-1,GT,1 6,1,2,3,1,0,,econ-1
698,rsp698-2,GT,1 6 11,1,2,3,1,0,,econ-sec-2
705,rsp705,GT,12,1,1,2,1,99,,reun-1
712,rsp712,GT,1 2 6,1,1,4,0,,,econ-1
716,rsp716,GT,1,1,1,5,0,,,econ-1
720,rsp720,GT,1 2,1,2,4,0,,,econ-1
723,rsp723,GT,2 1,1,1,4,1,1,0,econ-1
732,rsp732,GT,8,1,1,5,0,,,econ-1
734,rsp734,GT,8,1,1,4,1,1,1,econ-1
735,rsp735,GT,8 7,1,1,3,0,,,econ-1
736,rsp736,GT,1 2,1,1,1,0,,,econ-1
739,rsp739-1,GT,1 2,1,1,4,0,,,econ-1
739,rsp739-2,GT,1 2,1,1,4,0,,,econ-1
744,rsp744,GT,1 2 7,1,3,2,1,0,,econ-1
746,rsp746-1,GT,1 2,1,2,1,0,,,econ-1
746,rsp746-2,GT,1 2,1,2,1,0,,,econ-1
746,rsp746-3,GT,1 2,1,2,1,0,,,econ-1
749,rsp749,GT,1 2 7,1,1,1,0,,,econ-1
766,rsp766-1,HND,2,1,2,1,1,0,,econ-1
766,rsp766-2,HND,7,1,2,1,1,0,,econ-1
768,rsp768-1,HND,1 6,1,1,1,0,,,econ-1
768,rsp768-2,HND,1 6 2,1,1,1,0,,,econ-1
779,rsp779,HND,1 2 7,1,1,2,0,,,econ-1
781,rsp781-1,HND,1 9,1,1,1,0,,,econ-oth-2
781,rsp781-2,HND,1,1,1,1,0,,,econ-1
787,rsp787,HND,1 2,1,1,4,1,0,,econ-1
792,rsp792-1,GT,10 16,1,1,2,1,1,1,sec-oth-2
792,rsp792-2,GT,1,1,1,2,1,1,1,econ-1
797,rsp797,GT,1,1,2,4,1,0,,econ-1
802,rsp802,GT,1 7,1,2,3,0,,,econ-1
807,rsp807,GT,1 2,1,2,4,1,0,,econ-1
810,rsp810,GT,1,1,1,4,1,0,,econ-1
816,rsp816,GT,1 8 7,1,1,4,0,,,econ-1
820,rsp820,GT,2 8,1,1,2,0,,,econ-1
821,rsp821,HND,1 11,1,1,1,0,,,econ-sec-2
832,rsp832,GT,1 6,1,3,4,0,,,econ-1
833,rsp833,GT,1 2 6,1,3,1,1,0,,econ-1
842,rsp842,GT,1 7 8,1,1,3,0,,,econ-1
850,rsp850,GT,1,1,2,3,1,0,,econ-1
853,rsp853,GT,7 1,1,3,1,0,,,econ-1
855,rsp855,GT,12,1,1,3,1,1,1,reun-1
856,rsp856-1,HND,1 2,1,2,1,1,0,,econ-1
856,rsp856-2,HND,1 2,1,2,1,1,0,,econ-1
858,rsp858-1,HND,9,1,2,4,0,,,oth-1
858,rsp858-2,HND,1 2,1,2,4,0,,,econ-1
859,rsp859,HND,9,1,1,2,1,0,,oth-1
862,rsp862,HND,1 6 8,1,1,1,0,,,econ-1
864,rsp864,HND,1,1,1,2,1,0,,econ-1
865,rsp865,HND,1 8,1,1,2,0,,,econ-1
868,rsp868-1,HND,1,1,1,4,1,0,,econ-1
868,rsp868-2,HND,1 6 7,1,1,4,1,0,,econ-1
878,rsp878,GT,1 2 6,1,2,4,1,1,1,econ-1
880,rsp880-1,GT,1 8,1,1,1,0,,,econ-1
880,rsp880-2,GT,1 8,1,1,1,0,,,econ-1
883,rsp883,GT,1 2 8,1,1,4,0,,,econ-1
896,rsp896,GT,1,1,2,5,1,0,,econ-1
897,rsp897-1,GT,15,1,1,5,1,0,,oth-1
897,rsp897-2,GT,15,1,1,5,1,0,,oth-1
897,rsp897-3,GT,15,1,1,5,1,0,,oth-1
897,rsp897-4,GT,16,1,1,5,1,0,,oth-1
897,rsp897-5,GT,16,1,1,5,1,0,,oth-1
897,rsp897-6,GT,99,1,1,5,1,0,,oth-1
900,rsp900-1,GT,1 6,1,1,4,1,0,,econ-1
900,rsp900-2,GT,1,1,1,4,1,0,,econ-1
902,rsp902,GT,1 2,1,1,4,0,,,econ-1
914,rsp914,HND,1 2 7,1,1,5,1,0,,econ-1
916,rsp916,HND,1 8,1,1,2,1,0,,econ-1
919,rsp919,GT,1 8,1,2,3,0,,,econ-1
920,rsp920-1,GT,1,1,1,3,1,0,,econ-1
920,rsp920-2,GT,12,1,1,3,1,0,,reun-1
920,rsp920-3,GT,1 2,1,1,3,1,0,,econ-1
946,rsp946,HND,1,1,1,2,1,0,,econ-1
953,rsp953,HND,2 1 6,1,1,5,1,1,0,econ-1
959,rsp959,HND,2 7 8,1,1,4,1,1,0,econ-1
969,rsp969,SLV,2,1,2,4,0,,,econ-1
975,rsp975,SLV,1 2 9,1,1,1,1,0,,econ-oth-2
977,rsp977,SLV,12,1,2,4,1,0,,reun-1
979,rsp979-1,SLV,12,1,1,2,1,0,,reun-1
979,rsp979-2,SLV,1,1,1,2,1,0,,econ-1
984,rsp984-1,SLV,1 8,1,1,5,1,0,,econ-1
984,rsp984-2,SLV,1,1,1,5,1,0,,econ-1
984,rsp984-3,SLV,12,1,1,5,1,0,,reun-1
984,rsp984-4,SLV,12,1,1,5,1,0,,reun-1
985,rsp985-1,SLV,1 7,1,1,3,0,,,econ-1
985,rsp985-2,SLV,12,1,1,3,0,,,reun-1
985,rsp985-3,SLV,12,1,1,3,0,,,reun-1
987,rsp987-1,SLV,12,1,1,1,1,0,,reun-1
987,rsp987-2,SLV,1,1,1,1,1,0,,econ-1
987,rsp987-3,SLV,1,1,1,1,1,0,,econ-1
987,rsp987-4,SLV,12,1,1,1,1,0,,reun-1
991,rsp991,SLV,1 7,1,2,4,1,0,,econ-1
993,rsp993,SLV,1,1,2,4,1,0,,econ-1
994,rsp994,SLV,1 2,1,1,3,1,0,,econ-1
995,rsp995,SLV,11,1,2,2,1,0,,sec-1
996,rsp996-1,SLV,1 2,1,1,4,1,0,,econ-1
996,rsp996-2,SLV,1 2,1,1,4,1,0,,econ-1
996,rsp996-3,SLV,1 2 12,1,1,4,1,0,,econ-reun-2
998,rsp998-1,SLV,12,1,1,4,1,0,,reun-1
998,rsp998-2,SLV,12,1,1,4,1,0,,reun-1
999,rsp999,SLV,16 12 11,1,2,4,1,0,,sec-reun-oth-3
1000,rsp1000,SLV,1 2 16,1,2,3,1,1,0,econ-oth-2
1001,rsp1001,SLV,1 2 6,1,2,1,0,,,econ-1
1002,rsp1002,SLV,1,1,2,3,1,0,,econ-1
1006,rsp1006,SLV,2 1 11,1,1,4,1,1,0,econ-sec-2
1007,rsp1007,SLV,2 1 7,1,1,4,0,,,econ-1
1009,rsp1009-1,SLV,12,1,1,3,1,0,,reun-1
1009,rsp1009-2,SLV,1 2 8,1,1,3,1,0,,econ-1
1009,rsp1009-3,SLV,12,1,1,3,1,0,,reun-1
1009,rsp1009-4,SLV,12,1,1,3,1,0,,reun-1
1009,rsp1009-5,SLV,12,1,1,3,1,0,,reun-1
1011,rsp1011,SLV,1 11,1,2,3,0,,,econ-sec-2
1014,rsp1014,SLV,1 6 7,1,2,3,1,0,,econ-1
1016,rsp1016,SLV,1 2 6,1,1,5,0,,,econ-1
1017,rsp1017,SLV,11 2 1,1,2,4,1,0,,econ-sec-2
1020,rsp1020,SLV,8 2 1,1,1,4,0,,,econ-1
1022,rsp1022,SLV,11,1,1,2,0,,,sec-1
1023,rsp1023,SLV,12 13,1,1,5,0,,,reun-oth-2
1024,rsp1024,SLV,1 8 7,1,2,3,1,0,,econ-1
1025,rsp1025,SLV,1 7,1,2,4,1,0,,econ-1
1028,rsp1028,SLV,1 8 2,1,2,4,1,0,,econ-1
1029,rsp1029-1,SLV,1 2,1,2,4,1,0,,econ-1
1029,rsp1029-2,SLV,1 2 8,1,2,4,1,0,,econ-1
1030,rsp1030-1,SLV,7 6 11,1,2,3,1,0,,econ-sec-2
1030,rsp1030-2,SLV,7,1,2,3,1,0,,econ-1
1032,rsp1032,SLV,2 8 6,1,3,3,1,0,,econ-1
1033,rsp1033-1,SLV,1,1,2,4,1,0,,econ-1
1033,rsp1033-2,SLV,12,1,2,4,1,0,,reun-1
1034,rsp1034,SLV,1,1,2,3,1,0,,econ-1
1036,rsp1036,SLV,1,1,1,3,0,,,econ-1
1037,rsp1037-1,SLV,11,1,2,4,1,0,,sec-1
1037,rsp1037-2,SLV,11,1,2,4,1,0,,sec-1
1039,rsp1039-1,SLV,11,1,1,4,1,0,,sec-1
1039,rsp1039-2,SLV,8 11 12,1,1,4,1,0,,econ-sec-reun-3
1046,rsp1046,SLV,2 8,1,2,4,0,,,econ-1
1048,rsp1048,SLV,2 6 7,1,1,1,0,,,econ-1
1052,rsp1052,SLV,1 11,1,3,4,1,0,,econ-sec-2
1055,rsp1055,SLV,1 2,1,2,2,1,0,,econ-1
1059,rsp1059,HND,1 6 8,1,2,4,1,0,,econ-1
1061,rsp1061-1,SLV,11 1,1,2,1,1,0,,econ-sec-2
1061,rsp1061-2,SLV,11 1,1,2,1,1,0,,econ-sec-2
1061,rsp1061-3,SLV,11,1,2,1,1,0,,sec-1
1061,rsp1061-4,SLV,11,1,2,1,1,0,,sec-1
1061,rsp1061-5,SLV,11 1,1,2,1,1,0,,econ-sec-2
1061,rsp1061-6,SLV,11 1,1,2,1,1,0,,econ-sec-2
1061,rsp1061-7,SLV,11 1,1,2,1,1,0,,econ-sec-2
1063,rsp1063,SLV,1,1,2,4,1,0,,econ-1
1067,rsp1067,SLV,1 8,1,1,4,1,0,,econ-1
1069,rsp1069,SLV,1 7,1,1,5,1,0,,econ-1
1070,rsp1070,SLV,11,1,1,2,0,,,sec-1
1074,rsp1074-1,SLV,11,1,2,4,1,1,1,sec-1
1074,rsp1074-2,SLV,1 2 11,1,2,4,1,1,1,econ-sec-2
1080,rsp1080,SLV,1 11,1,1,4,0,,,econ-sec-2
1081,rsp1081,HND,2 6 8,1,2,2,1,0,,econ-1
1083,rsp1083-1,SLV,1 8,1,1,4,0,,,econ-1
1083,rsp1083-2,SLV,1 8,1,1,4,0,,,econ-1
1090,rsp1090,SLV,1,1,1,4,1,0,,econ-1
1094,rsp1094,SLV,11,1,1,3,0,,,sec-1
1098,rsp1098-1,SLV,1 7 8,1,1,4,0,,,econ-1
1098,rsp1098-2,SLV,12,1,1,4,0,,,reun-1
1106,rsp1106-1,HND,1 2,1,2,3,0,,,econ-1
1106,rsp1106-2,HND,1 2,1,2,3,0,,,econ-1
1108,rsp1108,HND,1 2 7,1,1,3,0,,,econ-1
1112,rsp1112-1,GT,1 7 8,1,2,3,0,,,econ-1
1112,rsp1112-2,GT,1 7 8,1,2,3,0,,,econ-1
1112,rsp1112-3,GT,1 2 7,1,2,3,0,,,econ-1
1113,rsp1113,GT,1 7 6,1,1,4,1,0,,econ-1
1115,rsp1115,HND,1,1,2,1,1,0,,econ-1
1116,rsp1116,HND,8,1,1,3,1,1,1,econ-1
1118,rsp1118,HND,1 2,1,2,4,0,,,econ-1
1120,rsp1120-1,HND,1 11,1,1,1,1,0,,econ-sec-2
1120,rsp1120-2,HND,11,1,1,1,1,0,,sec-1
1120,rsp1120-3,HND,1 11,1,1,1,1,0,,econ-sec-2
1123,rsp1123,GT,1 7,1,2,3,1,1,1,econ-1
1124,rsp1124,GT,2,1,1,5,0,,,econ-1
1131,rsp1131,SLV,2 1 8,1,2,3,0,,,econ-1
1133,rsp1133,SLV,1 5 7,1,2,3,1,0,,econ-clim-2
1141,rsp1141,HND,1 6 8,1,2,1,1,0,,econ-1
1142,rsp1142,SLV,15,1,2,3,1,0,,oth-1
1145,rsp1145,SLV,7 6 14,1,1,3,1,0,,econ-oth-2
1146,rsp1146-1,HND,12,1,1,4,0,,,reun-1
1146,rsp1146-2,HND,1 7 12,1,1,4,0,,,econ-reun-2
1147,rsp1147,SLV,12,1,2,4,1,1,0,reun-1
1156,rsp1156,SLV,1 8 7,1,1,4,0,,,econ-1
1158,rsp1158,GT,1 6 7,1,2,4,1,0,,econ-1
1161,rsp1161,HND,1 2 11,1,2,2,0,,,econ-sec-2
1164,rsp1164,HND,1 3 7,1,1,2,1,0,,econ-clim-2
1173,rsp1173,GT,14,1,1,3,0,,,oth-1
1174,rsp1174,GT,1 7,1,2,4,1,0,,econ-1
1178,rsp1178-1,GT,15,1,2,4,0,,,oth-1
1178,rsp1178-2,GT,15,1,2,4,0,,,oth-1
1185,rsp1185,HND,1 2,1,2,5,1,0,,econ-1
1191,rsp1191,GT,1 8 7,1,1,4,1,0,,econ-1
1195,rsp1195,GT,8 6 1,1,1,5,1,1,1,econ-1
1198,rsp1198,GT,1,1,1,2,1,0,,econ-1
1202,rsp1202,HND,1 8,1,1,1,1,0,,econ-1
1204,rsp1204,GT,1,1,1,6,0,,,econ-1
1208,rsp1208,GT,1,1,1,1,1,0,,econ-1
1210,rsp1210,HND,1,1,1,5,1,1,1,econ-1
1214,rsp1214-1,GT,1 7,1,3,4,1,1,1,econ-1
1214,rsp1214-2,GT,1,1,3,4,1,1,1,econ-1
1219,rsp1219,GT,1 2 8,1,2,5,1,1,1,econ-1
1238,rsp1238,GT,1 2 3,1,1,2,0,,,econ-clim-2
1239,rsp1239,GT,2,1,1,4,1,0,,econ-1
1243,rsp1243,GT,2,1,1,4,0,,,econ-1
1249,rsp1249,GT,9,1,3,3,0,,,oth-1
1261,rsp1261,GT,12 15 16,1,1,5,1,0,,reun-oth-2
1263,rsp1263,GT,1 2 8,1,1,5,0,,,econ-1
1265,rsp1265,GT,2 8 1,1,1,1,0,,,econ-1
1266,rsp1266-1,GT,2 1,1,2,1,99,,,econ-1
1266,rsp1266-2,GT,1 2,1,2,1,99,,,econ-1
1269,rsp1269,HND,1 7 8,1,2,4,0,,,econ-1
1273,rsp1273-1,HND,6,1,2,3,0,,,econ-1
1273,rsp1273-2,HND,1,1,2,3,0,,,econ-1
1278,rsp1278,GT,1,1,1,5,0,,,econ-1
1282,rsp1282,GT,1,1,2,4,1,0,,econ-1
1288,rsp1288,HND,1 7 11,1,1,1,1,0,,econ-sec-2
1291,rsp1291,HND,1 2 6,1,1,1,0,,,econ-1
1296,rsp1296,GT,7,1,2,4,1,1,0,econ-1
1297,rsp1297,GT,1,1,2,2,1,0,,econ-1
1298,rsp1298,GT,1 7,1,2,1,1,0,,econ-1
1299,rsp1299,GT,1,1,2,3,1,1,0,econ-1
1302,rsp1302,GT,1,1,1,2,0,,,econ-1
1310,rsp1310,HND,15,1,1,2,1,1,0,oth-1
1315,rsp1315-1,HND,1,1,1,3,0,,,econ-1
1315,rsp1315-2,HND,1,1,1,3,0,,,econ-1
1315,rsp1315-3,HND,1,1,1,3,0,,,econ-1
1315,rsp1315-4,HND,1,1,1,3,0,,,econ-1
1315,rsp1315-5,HND,1,1,1,3,0,,,econ-1
1315,rsp1315-6,HND,1,1,1,3,0,,,econ-1
1326,rsp1326,SLV,1 2,1,2,1,0,,,econ-1
1334,rsp1334,SLV,1 8,1,3,1,1,0,,econ-1
1335,rsp1335-1,SLV,1,1,2,5,0,,,econ-1
1335,rsp1335-2,SLV,1,1,2,5,0,,,econ-1
1341,rsp1341-1,SLV,2 1 7,1,1,4,1,0,,econ-1
1341,rsp1341-2,SLV,12,1,1,4,1,0,,reun-1
1343,rsp1343-1,SLV,1 10,1,1,4,1,0,,econ-sec-2
1343,rsp1343-2,SLV,12,1,1,4,1,0,,reun-1
1344,rsp1344,SLV,1 11,1,2,5,0,,,econ-sec-2
1348,rsp1348,SLV,1 2 6,1,2,4,1,0,,econ-1
1349,rsp1349,SLV,1,1,2,4,1,0,,econ-1
1350,rsp1350-1,SLV,1 7,1,3,4,1,0,,econ-1
1350,rsp1350-2,SLV,1 7,1,3,4,1,0,,econ-1
1351,rsp1351,SLV,11,1,1,4,1,0,,sec-1
1358,rsp1358-1,SLV,15 9,1,2,1,1,1,0,econ-oth-2
1358,rsp1358-2,SLV,11 8 1,1,2,1,1,1,0,econ-sec-2
1358,rsp1358-3,SLV,11 1,1,2,1,1,1,0,econ-sec-2
1358,rsp1358-4,SLV,11 1 6,1,2,1,1,1,0,econ-sec-2
1358,rsp1358-5,SLV,11 1 12,1,2,1,1,1,0,econ-sec-reun-3
1358,rsp1358-6,SLV,99,1,2,1,1,1,0,oth-1
1359,rsp1359-1,SLV,1 2 8,1,3,4,1,0,,econ-1
1359,rsp1359-2,SLV,1 2 8,1,3,4,1,0,,econ-1
1361,rsp1361,SLV,1 2 8,1,3,2,0,,,econ-1
1363,rsp1363-1,SLV,1 8,1,3,2,1,0,,econ-1
1363,rsp1363-2,SLV,1 2 8,1,3,2,1,0,,econ-1
1364,rsp1364,SLV,12 8 15,1,1,2,1,0,,econ-reun-oth-3
1371,rsp1371-1,SLV,12,1,1,4,1,1,1,reun-1
1371,rsp1371-2,SLV,12,1,1,4,1,1,1,reun-1
1381,rsp1381,SLV,2 1,1,1,3,1,0,,econ-1
1385,rsp1385-1,SLV,11,1,1,4,0,,,sec-1
1385,rsp1385-2,SLV,11,1,1,4,0,,,sec-1
1397,rsp1397-1,SLV,2 1,1,2,3,1,0,,econ-1
1397,rsp1397-2,SLV,12 16,1,2,3,1,0,,reun-oth-2
1397,rsp1397-3,SLV,12 16,1,2,3,1,0,,reun-oth-2
1398,rsp1398-1,SLV,16 11,1,2,1,0,,,sec-oth-2
1398,rsp1398-2,SLV,11 16,1,2,1,0,,,sec-oth-2
1398,rsp1398-3,SLV,11 16,1,2,1,0,,,sec-oth-2
1400,rsp1400,SLV,1 16,1,2,4,1,1,1,econ-oth-2
1402,rsp1402,SLV,9,1,1,2,0,,,oth-1
1406,rsp1406,SLV,12,1,1,5,1,0,,reun-1
1407,rsp1407-1,SLV,12 1,1,1,4,0,,,econ-reun-2
1407,rsp1407-2,SLV,11 1,1,1,4,0,,,econ-sec-2
1410,rsp1410-1,SLV,11,1,2,4,1,0,,sec-1
1410,rsp1410-2,SLV,11,1,2,4,1,0,,sec-1
1410,rsp1410-3,SLV,11,1,2,4,1,0,,sec-1
1410,rsp1410-4,SLV,11,1,2,4,1,0,,sec-1
1411,rsp1411-1,SLV,1,1,2,3,1,1,0,econ-1
1411,rsp1411-2,SLV,11,1,2,3,1,1,0,sec-1
1411,rsp1411-3,SLV,1 16,1,2,3,1,1,0,econ-oth-2
1412,rsp1412-1,SLV,11 8 1,1,1,3,0,,,econ-sec-2
1412,rsp1412-2,SLV,12,1,1,3,0,,,reun-1
1412,rsp1412-3,SLV,12,1,1,3,0,,,reun-1
1412,rsp1412-4,SLV,12,1,1,3,0,,,reun-1
1416,rsp1416,SLV,1 7,1,2,4,1,1,0,econ-1
1417,rsp1417,SLV,12 1,1,2,3,1,0,,econ-reun-2
1418,rsp1418-1,SLV,1 3 11,1,2,4,1,0,,econ-clim-sec-3
1418,rsp1418-2,SLV,11 12,1,2,4,1,0,,sec-reun-2
1421,rsp1421,SLV,1 12,1,2,3,1,1,1,econ-reun-2
1422,rsp1422-1,SLV,12,1,1,3,1,0,,reun-1
1422,rsp1422-2,SLV,2 16,1,1,3,1,0,,econ-oth-2
1422,rsp1422-3,SLV,2,1,1,3,1,0,,econ-1
1425,rsp1425,SLV,2,1,3,4,0,,,econ-1
1426,rsp1426-1,SLV,9 12,1,2,3,1,0,,reun-oth-2
1426,rsp1426-2,SLV,12 9,1,2,3,1,0,,reun-oth-2
1427,rsp1427,SLV,1 11,1,2,4,1,0,,econ-sec-2
1428,rsp1428-1,SLV,1 11 7,1,2,3,1,0,,econ-sec-2
1428,rsp1428-2,SLV,11 9,1,2,3,1,0,,sec-oth-2
1428,rsp1428-3,SLV,11 9,1,2,3,1,0,,sec-oth-2
1429,rsp1429,SLV,1 8 2,1,2,4,1,0,,econ-1
1433,rsp1433,SLV,1 2,1,1,4,1,0,,econ-1
1441,rsp1441,SLV,1,1,2,2,1,0,,econ-1
1443,rsp1443,SLV,11 1,1,1,4,0,,,econ-sec-2
1447,rsp1447,SLV,1,1,1,5,0,,,econ-1
1450,rsp1450,SLV,12 1 9,1,2,2,1,0,,econ-reun-oth-3
1453,rsp1453-1,SLV,1 6 7,1,1,5,1,0,,econ-1
1453,rsp1453-2,SLV,1 9,1,1,5,1,0,,econ-oth-2
1453,rsp1453-3,SLV,1 12,1,1,5,1,0,,econ-reun-2
1454,rsp1454,SLV,11 1,1,1,3,1,0,,econ-sec-2
1461,rsp1461-1,HND,9,1,1,4,0,,,oth-1
1461,rsp1461-2,HND,1,1,1,4,0,,,econ-1
1465,rsp1465,SLV,1 2 8,1,1,2,1,0,,econ-1
1469,rsp1469,SLV,1 2 8,1,2,4,1,0,,econ-1
1473,rsp1473,SLV,2 1,1,2,4,1,0,,econ-1
1476,rsp1476,SLV,16,1,1,4,0,,,oth-1
1477,rsp1477-1,SLV,12,1,2,3,1,0,,reun-1
1477,rsp1477-2,SLV,12,1,2,3,1,0,,reun-1
1478,rsp1478,SLV,11,1,1,1,1,0,,sec-1
1479,rsp1479,SLV,1 7,1,1,2,1,1,1,econ-1
1481,rsp1481-1,SLV,2 1 11,1,1,5,1,0,,econ-sec-2
1481,rsp1481-2,SLV,11 1,1,1,5,1,0,,econ-sec-2
1483,rsp1483,HND,2,1,1,4,1,0,,econ-1
1484,rsp1484,HND,8 1,1,2,2,0,,,econ-1
1488,rsp1488,SLV,2 6 7,1,1,4,1,0,,econ-1
1489,rsp1489,SLV,1,1,1,3,0,,,econ-1
1491,rsp1491,SLV,1,1,3,4,0,,,econ-1
1493,rsp1493-1,SLV,2 1,1,2,3,0,,,econ-1
1493,rsp1493-2,SLV,2 1 8,1,2,3,0,,,econ-1
1494,rsp1494,SLV,12,1,1,1,0,,,reun-1
1495,rsp1495,SLV,1 8,1,2,3,1,0,,econ-1
1503,rsp1503,SLV,1 6,1,1,4,0,,,econ-1
1504,rsp1504,SLV,6 8,1,2,4,1,0,,econ-1
1505,rsp1505,GT,1 2,1,2,4,1,0,,econ-1
1510,rsp1510,SLV,1 7,1,2,4,1,0,,econ-1
1516,rsp1516,SLV,9 11,1,1,2,0,,,sec-oth-2
1521,rsp1521,SLV,12,1,2,4,0,,,reun-1
1530,rsp1530,HND,1 2 7,1,1,4,1,1,1,econ-1
1533,rsp1533-1,HND,1 2,1,2,4,1,1,0,econ-1
1533,rsp1533-2,HND,99,1,2,4,1,1,0,oth-1
1538,rsp1538,HND,1 2,1,2,4,0,,,econ-1
1539,rsp1539,HND,1,1,2,4,0,,,econ-1
1542,rsp1542-1,HND,1 7 6,1,2,4,1,0,,econ-1
1542,rsp1542-2,HND,1 2,1,2,4,1,0,,econ-1
1545,rsp1545,GT,1 6,1,1,3,0,,,econ-1
1546,rsp1546,GT,1 3 7,1,2,4,0,,,econ-clim-2
1550,rsp1550,GT,1 2,1,2,3,0,,,econ-1
1555,rsp1555,GT,1,1,1,4,0,,,econ-1
1564,rsp1564,GT,9,1,2,1,1,0,,oth-1
1569,rsp1569-1,GT,1 7,1,1,2,1,0,,econ-1
1569,rsp1569-2,GT,1,1,1,2,1,0,,econ-1
1573,rsp1573,GT,1 2 6,1,1,4,1,1,0,econ-1
1575,rsp1575,GT,1 2 6,1,2,4,0,,,econ-1
1583,rsp1583,GT,1 8,1,2,4,0,,,econ-1
1601,rsp1601-1,GT,1 6 7,1,2,2,0,,,econ-1
1601,rsp1601-2,GT,1 6,1,2,2,0,,,econ-1
1605,rsp1605,GT,2 7 8,1,2,4,0,,,econ-1
1610,rsp1610,GT,1 2,1,1,5,1,0,,econ-1
1613,rsp1613,HND,1 7 8,1,3,5,1,0,,econ-1
1614,rsp1614,HND,1 12,1,2,4,1,1,1,econ-reun-2
1620,rsp1620,GT,8,1,1,6,0,,,econ-1
1621,rsp1621,GT,1,1,1,5,0,,,econ-1
1628,rsp1628,GT,1,1,2,4,1,0,,econ-1
1631,rsp1631,GT,1 2 6,1,1,2,0,,,econ-1
1639,rsp1639-1,GT,1 2,1,1,2,0,,,econ-1
1639,rsp1639-2,GT,1 6,1,1,2,0,,,econ-1
1639,rsp1639-3,GT,1 2 7,1,1,2,0,,,econ-1
1640,rsp1640,GT,1 7,1,2,3,0,,,econ-1
1642,rsp1642,GT,1 2 7,1,3,2,0,,,econ-1
1643,rsp1643-1,GT,1 2 7,1,2,4,1,1,1,econ-1
1643,rsp1643-2,GT,1 2 7,1,2,4,1,1,1,econ-1
1645,rsp1645,GT,1 7,1,1,1,0,,,econ-1
1655,rsp1655-1,GT,1,1,1,4,1,0,,econ-1
1655,rsp1655-2,GT,1 7,1,1,4,1,0,,econ-1
1655,rsp1655-3,GT,1,1,1,4,1,0,,econ-1
1655,rsp1655-4,GT,1 7 12,1,1,4,1,0,,econ-reun-2
1656,rsp1656,GT,1,1,1,5,1,1,0,econ-1
1660,rsp1660-1,GT,1 7 6,1,2,3,1,1,0,econ-1
1660,rsp1660-2,GT,1 7 6,1,2,3,1,1,0,econ-1
1660,rsp1660-3,GT,1 7 6,1,2,3,1,1,0,econ-1
1660,rsp1660-4,GT,1 6 7,1,2,3,1,1,0,econ-1
1661,rsp1661,GT,1 7,1,1,4,0,,,econ-1
1670,rsp1670,GT,1,1,2,1,1,0,,econ-1
1671,rsp1671,GT,1,1,2,2,0,,,econ-1
1672,rsp1672,GT,1,1,2,1,0,,,econ-1
1673,rsp1673,GT,1 2 7,1,2,1,1,1,0,econ-1
1677,rsp1677-1,GT,1 2,1,2,1,0,,,econ-1
1677,rsp1677-2,GT,1 2 7,1,2,1,0,,,econ-1
1678,rsp1678-1,GT,1 7,1,2,4,0,,,econ-1
1678,rsp1678-2,GT,1,1,2,4,0,,,econ-1
1683,rsp1683,GT,2 1,1,2,1,1,0,,econ-1
1689,rsp1689,HND,2,1,1,2,1,0,,econ-1
1690,rsp1690,HND,2,1,2,3,1,0,,econ-1
1694,rsp1694,HND,1 2 8,1,2,4,0,,,econ-1
1697,rsp1697,SLV,1 11 7,1,2,4,1,1,0,econ-sec-2
1704,rsp1704-1,GT,1 2 6,1,2,4,0,,,econ-1
1704,rsp1704-2,GT,6 9,1,2,4,0,,,econ-oth-2
1704,rsp1704-3,GT,9 6 7,1,2,4,0,,,econ-oth-2
1704,rsp1704-4,GT,1 3 6,1,2,4,0,,,econ-clim-2
1712,rsp1712-1,SLV,1 2,1,2,4,1,0,,econ-1
1712,rsp1712-2,SLV,1 2,1,2,4,1,0,,econ-1
1712,rsp1712-3,SLV,1 2,1,2,4,1,0,,econ-1
1718,rsp1718,SLV,11,1,2,3,0,,,sec-1
1724,rsp1724-1,SLV,11,1,1,1,1,0,,sec-1
1724,rsp1724-2,SLV,1 2 8,1,1,1,1,0,,econ-1
1726,rsp1726,SLV,1 8,1,1,4,1,0,,econ-1
1730,rsp1730,SLV,7,1,1,1,1,0,,econ-1
1739,rsp1739-1,HND,1 2 6,1,3,4,1,0,,econ-1
1739,rsp1739-2,HND,1 2 6,1,3,4,1,0,,econ-1
1743,rsp1743-1,HND,2,1,1,4,1,0,,econ-1
1743,rsp1743-2,HND,2,1,1,4,1,0,,econ-1
1744,rsp1744,HND,1 2 6,1,2,1,1,0,,econ-1
1749,rsp1749-1,SLV,1,1,2,4,1,0,,econ-1
1749,rsp1749-2,SLV,1 3 8,1,2,4,1,0,,econ-clim-2
1761,rsp1761,SLV,1 7,1,2,4,1,0,,econ-1
1763,rsp1763,SLV,1 2 8,1,2,4,1,0,,econ-1
1764,rsp1764-1,SLV,1 7,1,1,4,0,,,econ-1
1764,rsp1764-2,SLV,2 7 8,1,1,4,0,,,econ-1
1766,rsp1766-1,SLV,1 6 2,1,2,4,1,0,,econ-1
1766,rsp1766-2,SLV,1 6,1,2,4,1,0,,econ-1
1766,rsp1766-3,SLV,1 6,1,2,4,1,0,,econ-1
1767,rsp1767,SLV,1 2 8,1,1,5,1,1,1,econ-1
1770,rsp1770,SLV,14 1,1,2,2,1,0,,econ-oth-2
1771,rsp1771,SLV,1 6 7,1,2,3,1,0,,econ-1
1772,rsp1772,SLV,1 7 8,1,2,3,1,1,0,econ-1
1782,rsp1782,SLV,11,1,2,4,1,0,,sec-1
1786,rsp1786,SLV,1 2 8,1,2,1,0,,,econ-1
1789,rsp1789-1,SLV,1 7 6,1,1,1,1,0,,econ-1
1789,rsp1789-2,SLV,1 3 2,1,1,1,1,0,,econ-clim-2
1798,rsp1798-1,SLV,1 7,1,1,2,1,0,,econ-1
1798,rsp1798-2,SLV,7 1,1,1,2,1,0,,econ-1
1799,rsp1799-1,SLV,1 7,1,1,4,1,1,1,econ-1
1799,rsp1799-2,SLV,1 7,1,1,4,1,1,1,econ-1
1800,rsp1800-1,SLV,16,1,1,1,1,0,,oth-1
1800,rsp1800-2,SLV,2 1,1,1,1,1,0,,econ-1
1803,rsp1803,SLV,12,1,1,2,1,1,0,reun-1
1804,rsp1804,SLV,1,1,2,1,1,0,,econ-1
1820,rsp1820,HND,1 8,1,2,4,0,,,econ-1
1824,rsp1824-1,HND,1 2,1,2,3,0,,,econ-1
1824,rsp1824-2,HND,6,1,2,3,0,,,econ-1
1825,rsp1825-1,HND,1 3 6,1,2,4,1,1,1,econ-clim-2
1825,rsp1825-2,HND,1 2,1,2,4,1,1,1,econ-1
1825,rsp1825-3,HND,1 2,1,2,4,1,1,1,econ-1
1829,rsp1829,HND,1 6,1,1,3,0,,,econ-1
1830,rsp1830,SLV,1,1,1,4,1,1,1,econ-1
1838,rsp1838,SLV,1,1,1,4,1,0,,econ-1
1839,rsp1839,HND,1 11,1,1,1,1,0,,econ-sec-2
1840,rsp1840,HND,1 11,1,2,4,1,1,0,econ-sec-2
1848,rsp1848-1,HND,2 7 6,1,2,3,1,1,1,econ-1
1848,rsp1848-2,HND,2 7,1,2,3,1,1,1,econ-1
1848,rsp1848-3,HND,2 7,1,2,3,1,1,1,econ-1
1857,rsp1857,GT,1 7,1,2,3,0,,,econ-1
1859,rsp1859,GT,7 8,1,2,3,0,,,econ-1
1861,rsp1861-1,GT,12,1,1,4,0,,,reun-1
1861,rsp1861-2,GT,12,1,1,4,0,,,reun-1
1863,rsp1863-1,GT,12,1,1,5,1,0,,reun-1
1863,rsp1863-2,GT,12,1,1,5,1,0,,reun-1
1864,rsp1864,GT,12,1,1,5,0,,,reun-1
1875,rsp1875,GT,1 8,1,2,3,1,0,,econ-1
1885,rsp1885,GT,1 2 6,1,1,4,0,,,econ-1
1891,rsp1891,GT,1 8,1,1,2,0,,,econ-1
1892,rsp1892,GT,2 1 8,1,1,2,0,,,econ-1
1893,rsp1893,GT,2,1,1,1,1,0,,econ-1
1906,rsp1906,GT,1,1,2,4,1,0,,econ-1
1918,rsp1918,GT,1,1,1,5,1,0,,econ-1
1921,rsp1921-1,GT,1,1,1,2,0,,,econ-1
1921,rsp1921-2,GT,1,1,1,2,0,,,econ-1
1922,rsp1922,GT,1 2,1,2,3,1,1,1,econ-1
1923,rsp1923,GT,1,1,1,5,1,1,1,econ-1
1926,rsp1926-1,GT,12,1,1,6,1,0,,reun-1
1926,rsp1926-2,GT,12,1,1,6,1,0,,reun-1
1926,rsp1926-3,GT,1,1,1,6,1,0,,econ-1
1931,rsp1931,GT,1 7 8,1,2,1,1,0,,econ-1
1944,rsp1944,GT,1 7 8,1,1,3,1,0,,econ-1
1947,rsp1947-1,GT,1,1,1,1,1,0,,econ-1
1947,rsp1947-2,GT,1,1,1,1,1,0,,econ-1
1951,rsp1951-1,GT,1 7,1,2,3,1,0,,econ-1
1951,rsp1951-2,GT,1 3,1,2,3,1,0,,econ-clim-2
1951,rsp1951-3,GT,1 7,1,2,3,1,0,,econ-1
1951,rsp1951-4,GT,99,1,2,3,1,0,,oth-1
1952,rsp1952,GT,1 7,1,2,4,1,0,,econ-1
1958,rsp1958,GT,1 2 7,1,1,2,0,,,econ-1
1959,rsp1959,GT,1 2 7,1,1,1,1,0,,econ-1
1961,rsp1961,GT,1,1,2,5,1,1,0,econ-1
1968,rsp1968-1,GT,1,1,2,4,0,,,econ-1
1968,rsp1968-2,GT,1,1,2,4,0,,,econ-1
1968,rsp1968-3,GT,1,1,2,4,0,,,econ-1
1968,rsp1968-4,GT,1,1,2,4,0,,,econ-1
1968,rsp1968-5,GT,1,1,2,4,0,,,econ-1
1973,rsp1973-1,GT,1,1,1,5,1,0,,econ-1
1973,rsp1973-2,GT,1,1,1,5,1,0,,econ-1
1974,rsp1974,GT,1,1,1,2,1,0,,econ-1
1977,rsp1977-1,HND,1 2,1,1,4,0,,,econ-1
1977,rsp1977-2,HND,1 2,1,1,4,0,,,econ-1
1982,rsp1982-1,HND,6 9,1,2,4,1,1,0,econ-oth-2
1982,rsp1982-2,HND,1 2,1,2,4,1,1,0,econ-1
1983,rsp1983,HND,2,1,2,1,1,0,,econ-1
1986,rsp1986-1,HND,99,1,1,1,1,0,,oth-1
1986,rsp1986-2,HND,2,1,1,1,1,0,,econ-1
1986,rsp1986-3,HND,1,1,1,1,1,0,,econ-1
1987,rsp1987,HND,1 2 8,1,1,1,1,0,,econ-1
1990,rsp1990-1,HND,1,1,2,1,0,,,econ-1
1990,rsp1990-2,HND,6 1,1,2,1,0,,,econ-1
1990,rsp1990-3,HND,1,1,2,1,0,,,econ-1
1990,rsp1990-4,HND,2,1,2,1,0,,,econ-1
1990,rsp1990-5,HND,2,1,2,1,0,,,econ-1
1991,rsp1991,HND,10,1,2,3,1,1,1,sec-1
1993,rsp1993,HND,1 2,1,1,2,0,,,econ-1
1996,rsp1996-1,SLV,16,1,2,2,1,0,,oth-1
1996,rsp1996-2,SLV,12,1,2,2,1,0,,reun-1
1996,rsp1996-3,SLV,12,1,2,2,1,0,,reun-1
1998,rsp1998-1,HND,1 2 11,1,1,4,1,1,1,econ-sec-2
1998,rsp1998-2,HND,1 2 11,1,1,4,1,1,1,econ-sec-2
1998,rsp1998-3,HND,2 1 11,1,1,4,1,1,1,econ-sec-2
2000,rsp2000,SLV,1 3 7,1,2,3,1,1,0,econ-clim-2
2001,rsp2001,SLV,1,1,2,4,0,,,econ-1
2007,rsp2007,HND,8,1,2,2,0,,,econ-1
2013,rsp2013,HND,1,1,1,1,1,1,0,econ-1
2017,rsp2017,HND,1 8,1,2,2,1,0,,econ-1
2019,rsp2019,HND,1 6,1,1,1,0,,,econ-1
2021,rsp2021,HND,2,1,1,1,1,0,,econ-1
2033,rsp2033,SLV,11,1,1,4,1,0,,sec-1
2035,rsp2035,SLV,2 11 1,1,2,3,0,,,econ-sec-2
2036,rsp2036,SLV,1 8 7,1,2,4,1,0,,econ-1
2038,rsp2038,SLV,1 2,1,1,4,1,0,,econ-1
2047,rsp2047,SLV,15,1,1,3,0,,,oth-1
2049,rsp2049,SLV,1 2,1,2,4,0,,,econ-1
2053,rsp2053-1,SLV,1 11 2,1,2,3,1,0,,econ-sec-2
2053,rsp2053-2,SLV,1,1,2,3,1,0,,econ-1
2053,rsp2053-3,SLV,12 1,1,2,3,1,0,,econ-reun-2
2053,rsp2053-4,SLV,1 16,1,2,3,1,0,,econ-oth-2
2060,rsp2060,SLV,11 1,1,2,4,0,,,econ-sec-2
2066,rsp2066,SLV,16,1,2,4,0,,,oth-1
2078,rsp2078,SLV,1 3 8,1,2,3,1,0,,econ-clim-2
2084,rsp2084,SLV,1 2,1,2,4,1,1,0,econ-1
2088,rsp2088,SLV,1,1,1,2,1,0,,econ-1
2098,rsp2098-1,HND,1 2,1,2,1,1,99,,econ-1
2098,rsp2098-2,HND,1 2,1,2,1,1,99,,econ-1
2099,rsp2099-1,HND,1 2,1,1,3,1,0,,econ-1
2099,rsp2099-2,HND,1 7 8,1,1,3,1,0,,econ-1
2101,rsp2101,HND,1 2,1,2,4,1,0,,econ-1
2104,rsp2104,HND,1,1,2,4,1,0,,econ-1
2105,rsp2105,HND,2 7,1,2,3,1,99,,econ-1
2108,rsp2108,HND,1,1,2,4,1,0,,econ-1
2111,rsp2111-1,HND,2 1,1,2,4,1,0,,econ-1
2111,rsp2111-2,HND,1,1,2,4,1,0,,econ-1
2113,rsp2113,SLV,1 11,1,3,2,1,0,,econ-sec-2
2116,rsp2116,SLV,1 2 11,1,2,2,1,1,1,econ-sec-2
2119,rsp2119,SLV,1 2 11,1,1,3,0,,,econ-sec-2
2122,rsp2122,SLV,1,1,3,2,1,1,0,econ-1
2138,rsp2138,SLV,12 1,1,1,1,1,0,,econ-reun-2
2149,rsp2149-1,SLV,12 15,1,2,4,0,,,reun-oth-2
2149,rsp2149-2,SLV,12 15,1,2,4,0,,,reun-oth-2
2156,rsp2156,SLV,1,1,2,5,0,,,econ-1
2167,rsp2167,SLV,1 2 7,1,1,3,0,,,econ-1
2176,rsp2176,HND,1 2,1,2,3,0,,,econ-1
2187,rsp2187,SLV,1 6,1,2,3,1,0,,econ-1
2189,rsp2189,HND,2 9,1,2,2,0,,,econ-oth-2
2201,rsp2201-1,GT,1,1,1,1,1,0,,econ-1
2201,rsp2201-2,GT,1,1,1,1,1,0,,econ-1
2206,rsp2206,HND,8,1,1,4,1,0,,econ-1
2212,rsp2212,HND,1 8,1,1,2,0,,,econ-1
2221,rsp2221,HND,1 6 8,1,1,1,0,,,econ-1
2226,rsp2226,HND,1,1,3,2,0,,,econ-1
2228,rsp2228,HND,1 2 6,1,2,3,99,,,econ-1
2230,rsp2230,HND,1,1,1,4,0,,,econ-1
2232,rsp2232-1,HND,12,1,1,1,0,,,reun-1
2232,rsp2232-2,HND,12,1,1,1,0,,,reun-1
2235,rsp2235,HND,2 7 8,1,1,5,0,,,econ-1
2242,rsp2242,HND,1 7 8,1,1,2,1,0,,econ-1
2243,rsp2243-1,HND,16,1,1,3,1,0,,oth-1
2243,rsp2243-2,HND,16,1,1,3,1,0,,oth-1
2243,rsp2243-3,HND,1,1,1,3,1,0,,econ-1
2244,rsp2244,HND,1 6 8,1,3,2,0,,,econ-1
2245,rsp2245-1,HND,1 2 6,1,3,2,1,0,,econ-1
2245,rsp2245-2,HND,2 1 3,1,3,2,1,0,,econ-clim-2
2246,rsp2246,HND,2 1 6,1,2,3,0,,,econ-1
2248,rsp2248,HND,1 6 8,1,2,3,0,,,econ-1
2249,rsp2249-1,HND,1 2 7,1,2,2,0,,,econ-1
2249,rsp2249-2,HND,1 2 7,1,2,2,0,,,econ-1
2250,rsp2250,HND,1 6 7,1,2,3,1,0,,econ-1
2252,rsp2252-1,HND,1 4 7,1,2,2,0,,,econ-clim-2
2252,rsp2252-2,HND,16 4 9,1,2,2,0,,,econ-oth-2
2253,rsp2253-1,HND,1 2 7,1,2,2,0,,,econ-1
2253,rsp2253-2,HND,1 7 16,1,2,2,0,,,econ-oth-2
2254,rsp2254,HND,1 2 7,1,1,2,1,0,,econ-1
2255,rsp2255-1,HND,16,1,2,2,0,,,oth-1
2255,rsp2255-2,HND,1 2 7,1,2,2,0,,,econ-1
2256,rsp2256,HND,1 2 7,1,2,4,1,0,,econ-1
2257,rsp2257,HND,1 6 7,1,2,2,0,,,econ-1
2258,rsp2258-1,HND,1 2 7,1,2,2,0,,,econ-1
2258,rsp2258-2,HND,1 2 7,1,2,2,0,,,econ-1
2258,rsp2258-3,HND,1 2 7,1,2,2,0,,,econ-1
2259,rsp2259,HND,1 2 7,1,2,3,0,,,econ-1
2260,rsp2260-1,HND,9,1,2,2,0,,,oth-1
2260,rsp2260-2,HND,9,1,2,2,0,,,oth-1
2260,rsp2260-3,HND,9,1,2,2,0,,,oth-1
2260,rsp2260-4,HND,1 2 7,1,2,2,0,,,econ-1
2260,rsp2260-5,HND,1 2 7,1,2,2,0,,,econ-1
2260,rsp2260-6,HND,1 2 7,1,2,2,0,,,econ-1
2260,rsp2260-7,HND,1 2 7,1,2,2,0,,,econ-1
2261,rsp2261-1,HND,1,1,1,5,1,1,1,econ-1
2261,rsp2261-2,HND,1,1,1,5,1,1,1,econ-1
2264,rsp2264,HND,1 2 8,1,2,3,1,0,,econ-1
2268,rsp2268,HND,1,1,3,1,0,,,econ-1
2277,rsp2277,GT,1 7 8,1,2,4,0,,,econ-1
2280,rsp2280,GT,8 1,1,3,4,0,,,econ-1
2284,rsp2284,HND,1 2 8,1,2,2,0,,,econ-1
2291,rsp2291,HND,9 1,1,2,2,1,0,,econ-oth-2
2292,rsp2292,HND,1,1,1,3,0,,,econ-1
2293,rsp2293-1,HND,1,1,2,2,1,1,1,econ-1
2293,rsp2293-2,HND,2 8,1,2,2,1,1,1,econ-1
2303,rsp2303-1,HND,1 7 8,1,2,1,1,0,,econ-1
2303,rsp2303-2,HND,1 3 8,1,2,1,1,0,,econ-clim-2
2313,rsp2313,GT,1 6 7,1,1,4,0,,,econ-1
2330,rsp2330,GT,1 3 4,1,2,1,0,,,econ-clim-2
2336,rsp2336,HND,9,1,1,2,0,,,oth-1
2378,rsp2378-1,HND,1 2 6,1,1,1,1,1,1,econ-1
2378,rsp2378-2,HND,2 1 6,1,1,1,1,1,1,econ-1
2382,rsp2382-1,HND,1 2 7,1,1,4,0,,,econ-1
2382,rsp2382-2,HND,1 2 6,1,1,4,0,,,econ-1
2382,rsp2382-3,HND,1 2 3,1,1,4,0,,,econ-clim-2
2387,rsp2387,HND,1 2 9,1,1,4,0,,,econ-oth-2
2391,rsp2391-1,GT,1 2 8,1,1,4,0,,,econ-1
2391,rsp2391-2,GT,1 2 7,1,1,4,0,,,econ-1
2391,rsp2391-3,GT,1 2,1,1,4,0,,,econ-1
2395,rsp2395,GT,1 2,1,1,3,1,0,,econ-1
2396,rsp2396-1,GT,1 2,1,1,4,1,0,,econ-1
2396,rsp2396-2,GT,1 2,1,1,4,1,0,,econ-1
2399,rsp2399-1,HND,1 8 9,1,1,5,0,,,econ-oth-2
2399,rsp2399-2,HND,1 8 15,1,1,5,0,,,econ-oth-2
2400,rsp2400,GT,1 2 6,1,1,4,0,,,econ-1
2403,rsp2403,GT,1,1,1,4,1,0,,econ-1
2406,rsp2406,HND,1 7 16,1,1,1,0,,,econ-oth-2
2412,rsp2412,GT,1 2 7,1,2,1,0,,,econ-1
2417,rsp2417-1,HND,8,1,1,2,1,1,1,econ-1
2417,rsp2417-2,HND,1 2,1,1,2,1,1,1,econ-1
2420,rsp2420,HND,1 6,1,2,2,1,0,,econ-1
2425,rsp2425,GT,2,1,2,2,99,,,econ-1
2430,rsp2430,GT,1 6 8,1,1,4,0,,,econ-1
2439,rsp2439,HND,2 1 12,1,2,5,1,0,,econ-reun-2
2440,rsp2440,HND,1 7 8,1,1,1,1,0,,econ-1
2451,rsp2451,GT,1,1,3,3,1,0,,econ-1
2454,rsp2454,GT,7 1,1,2,4,1,0,,econ-1
2472,rsp2472,GT,2 1 6,1,2,4,1,0,,econ-1
2474,rsp2474,GT,1 7,1,1,5,0,,,econ-1
2475,rsp2475-1,GT,12,1,1,4,1,0,,reun-1
2475,rsp2475-2,GT,1,1,1,4,1,0,,econ-1
2475,rsp2475-3,GT,1 7,1,1,4,1,0,,econ-1
2476,rsp2476-1,GT,1 2,1,1,4,1,0,,econ-1
2476,rsp2476-2,GT,1 2,1,1,4,1,0,,econ-1
2478,rsp2478-1,GT,10 1,1,1,4,1,0,,econ-sec-2
2478,rsp2478-2,GT,16 7,1,1,4,1,0,,econ-oth-2
2479,rsp2479-1,GT,7,1,2,4,1,0,,econ-1
2479,rsp2479-2,GT,7,1,2,4,1,0,,econ-1
2479,rsp2479-3,GT,7 2,1,2,4,1,0,,econ-1
2488,rsp2488-1,HND,1 6 7,1,1,1,0,,,econ-1
2488,rsp2488-2,HND,16,1,1,1,0,,,oth-1
2488,rsp2488-3,HND,1,1,1,1,0,,,econ-1
2491,rsp2491,HND,1 7 8,1,1,2,0,,,econ-1
2493,rsp2493,GT,1 2,1,3,1,1,1,0,econ-1
2494,rsp2494,GT,1 2,1,1,1,0,,,econ-1
2500,rsp2500,GT,1 2,1,2,1,0,,,econ-1
2502,rsp2502,HND,1 2 8,1,2,4,1,0,,econ-1
2506,rsp2506,HND,1 6 11,1,2,1,1,0,,econ-sec-2
2507,rsp2507,HND,2,1,2,2,1,0,,econ-1
2511,rsp2511,HND,2,1,2,3,0,,,econ-1
2512,rsp2512,HND,8,1,1,2,1,0,,econ-1
2513,rsp2513,HND,16,1,1,1,1,0,,oth-1
2515,rsp2515-1,HND,2,1,1,2,0,,,econ-1
2515,rsp2515-2,HND,2,1,1,2,0,,,econ-1
2516,rsp2516,HND,2,1,1,2,0,,,econ-1
2518,rsp2518,HND,8,1,1,2,1,0,,econ-1
2519,rsp2519,HND,2,1,1,2,1,0,,econ-1
2524,rsp2524,SLV,6 7,1,2,4,0,,,econ-1
2527,rsp2527,GT,1 7,1,1,1,99,,,econ-1
2530,rsp2530,GT,1 16,1,2,4,0,,,econ-oth-2
2547,rsp2547-1,GT,12,1,2,3,1,0,,reun-1
2547,rsp2547-2,GT,1,1,2,3,1,0,,econ-1
2547,rsp2547-3,GT,1,1,2,3,1,0,,econ-1
2556,rsp2556,HND,1 2,1,1,4,1,0,,econ-1
2557,rsp2557,HND,1 2,1,2,4,0,,,econ-1
2561,rsp2561-1,HND,6 7,1,3,4,1,1,1,econ-1
2561,rsp2561-2,HND,1 4 6,1,3,4,1,1,1,econ-clim-2
2561,rsp2561-3,HND,1 2 6,1,3,4,1,1,1,econ-1
2566,rsp2566,SLV,1 6,1,1,4,0,,,econ-1
2571,rsp2571,SLV,1 8,1,2,4,1,0,,econ-1
2577,rsp2577,HND,1 12,1,2,2,0,,,econ-reun-2
2581,rsp2581,SLV,1,1,2,4,0,,,econ-1
2595,rsp2595,SLV,8 1 2,1,2,3,1,1,0,econ-1
2596,rsp2596,SLV,12,1,1,1,0,,,reun-1
2599,rsp2599,SLV,12 8,1,1,4,0,,,econ-reun-2
2601,rsp2601,SLV,1,1,2,3,1,0,,econ-1
2607,rsp2607,SLV,2 11,1,1,3,1,0,,econ-sec-2
2628,rsp2628,SLV,12 3,1,1,4,0,,,econ-reun-2
2629,rsp2629,SLV,1 8,1,1,4,0,,,econ-1
2630,rsp2630,SLV,1 2 8,1,1,4,0,,,econ-1
2641,rsp2641,SLV,15 10,1,1,4,1,0,,sec-oth-2
2651,rsp2651-1,HND,1,1,2,2,0,,,econ-1
2651,rsp2651-2,HND,1,1,2,2,0,,,econ-1
2652,rsp2652,HND,1 2,1,1,4,0,,,econ-1
2656,rsp2656,SLV,1,1,1,4,1,0,,econ-1
2662,rsp2662,SLV,9,1,2,4,0,,,oth-1
2664,rsp2664-1,SLV,1 7,1,2,3,1,0,,econ-1
2664,rsp2664-2,SLV,1,1,2,3,1,0,,econ-1
2664,rsp2664-3,SLV,1 2,1,2,3,1,0,,econ-1
2668,rsp2668-1,SLV,1,1,2,2,0,,,econ-1
2668,rsp2668-2,SLV,1,1,2,2,0,,,econ-1
2693,rsp2693-1,HND,1 2 6,1,2,2,1,1,1,econ-1
2693,rsp2693-2,HND,1 2,1,2,2,1,1,1,econ-1
2704,rsp2704-1,SLV,9 1,1,1,3,0,,,econ-oth-2
2704,rsp2704-2,SLV,1 6,1,1,3,0,,,econ-1
2704,rsp2704-3,SLV,1 6,1,1,3,0,,,econ-1
2711,rsp2711,SLV,1 8,1,2,2,0,,,econ-1
2719,rsp2719,SLV,1 2 6,1,2,3,0,,,econ-1
2730,rsp2730,HND,1 2 8,1,1,2,0,,,econ-1
2737,rsp2737,SLV,2 1 7,1,2,3,1,0,,econ-1
2742,rsp2742,SLV,1,1,1,2,1,1,1,econ-1
2752,rsp2752,HND,1,1,1,4,0,,,econ-1
2753,rsp2753,HND,1 2,1,1,2,0,,,econ-1
2759,rsp2759,HND,2 11 1,1,2,3,1,0,,econ-sec-2
2767,rsp2767-1,SLV,1 6 8,1,1,1,1,0,,econ-1
2767,rsp2767-2,SLV,11,1,1,1,1,0,,sec-1
2774,rsp2774,HND,1 2 7,1,2,4,1,0,,econ-1
2779,rsp2779,SLV,12,1,1,4,0,,,reun-1
2782,rsp2782,HND,1 2 8,1,1,1,0,,,econ-1
2786,rsp2786,SLV,1,1,1,5,1,0,,econ-1
2787,rsp2787,SLV,1,1,2,3,0,,,econ-1
2793,rsp2793,SLV,1 2 8,1,1,4,0,,,econ-1
2796,rsp2796,HND,2 1 3,1,3,4,0,,,econ-clim-2
2806,rsp2806-1,HND,1 2 7,1,2,4,1,0,,econ-1
2806,rsp2806-2,HND,9,1,2,4,1,0,,oth-1
2808,rsp2808,HND,1 2 7,1,2,3,1,0,,econ-1
2810,rsp2810-1,HND,9,1,3,2,0,,,oth-1
2810,rsp2810-2,HND,1 2 7,1,3,2,0,,,econ-1
2810,rsp2810-3,HND,1 2 7,1,3,2,0,,,econ-1
2811,rsp2811-1,HND,1 2 6,1,3,3,1,0,,econ-1
2811,rsp2811-2,HND,1 2 7,1,3,3,1,0,,econ-1
2812,rsp2812-1,HND,9,1,3,3,0,,,oth-1
2812,rsp2812-2,HND,1 2 7,1,3,3,0,,,econ-1
2812,rsp2812-3,HND,1 2 7,1,3,3,0,,,econ-1
2814,rsp2814-1,HND,1 2 8,1,1,1,1,0,,econ-1
2814,rsp2814-2,HND,1 2 8,1,1,1,1,0,,econ-1
2816,rsp2816,HND,1 8 6,1,1,3,0,,,econ-1
2817,rsp2817-1,HND,1 2 8,1,1,2,0,,,econ-1
2817,rsp2817-2,HND,2 16,1,1,2,0,,,econ-oth-2
2819,rsp2819,HND,7 14,1,2,3,0,,,econ-oth-2
2821,rsp2821,HND,1 8,1,1,3,1,0,,econ-1
2826,rsp2826-1,GT,1 2,1,2,1,1,0,,econ-1
2826,rsp2826-2,GT,1 2,1,2,1,1,0,,econ-1
2827,rsp2827-1,GT,1 2,1,1,5,0,,,econ-1
2827,rsp2827-2,GT,1 2,1,1,5,0,,,econ-1
2830,rsp2830,HND,1,1,2,1,1,0,,econ-1
2832,rsp2832,HND,1,1,1,2,1,1,0,econ-1
2843,rsp2843,GT,1 6 7,1,1,4,0,,,econ-1
2844,rsp2844-1,GT,1 3 4,1,3,1,0,,,econ-clim-2
2844,rsp2844-2,GT,1 2 4,1,3,1,0,,,econ-clim-2
2849,rsp2849,GT,1 8,1,2,2,0,,,econ-1
2853,rsp2853,GT,1 6 8,1,3,4,0,,,econ-1
2856,rsp2856,GT,1 2 8,1,1,4,0,,,econ-1
2860,rsp2860,GT,1,1,1,5,0,,,econ-1
2861,rsp2861,GT,1,1,1,5,0,,,econ-1
2863,rsp2863,GT,1,1,1,4,0,,,econ-1
2868,rsp2868,GT,2 1,1,1,2,0,,,econ-1
2870,rsp2870,GT,2 7 6,1,1,1,0,,,econ-1
2871,rsp2871,GT,1 2 6,1,1,1,1,0,,econ-1
2878,rsp2878,GT,1 8,1,1,5,1,0,,econ-1
2882,rsp2882,GT,99 2 1,1,2,3,0,,,econ-1
2892,rsp2892-1,GT,1 8 12,1,1,6,1,0,,econ-reun-2
2892,rsp2892-2,GT,1 8 14,1,1,6,1,0,,econ-oth-2
2898,rsp2898,GT,1 2,1,2,2,1,0,,econ-1
2904,rsp2904,GT,7 6 2,1,3,1,0,,,econ-1
2911,rsp2911-1,HND,1 2 6,1,2,4,1,0,,econ-1
2911,rsp2911-2,HND,1 2 7,1,2,4,1,0,,econ-1
2913,rsp2913,HND,1 2 7,1,1,3,1,0,,econ-1
2920,rsp2920,GT,9,1,1,4,0,,,oth-1
2922,rsp2922,GT,1 7,1,2,2,0,,,econ-1
2927,rsp2927,GT,1 3 6,1,2,4,0,,,econ-clim-2
2933,rsp2933,GT,15,1,1,5,0,,,oth-1
2935,rsp2935-1,GT,7 16,1,2,4,1,0,,econ-oth-2
2935,rsp2935-2,GT,1 16 6,1,2,4,1,0,,econ-oth-2
2941,rsp2941,GT,1 2,1,3,1,0,,,econ-1
2943,rsp2943,GT,1 2,1,3,1,1,1,0,econ-1
2945,rsp2945,GT,1 2 7,1,1,5,0,,,econ-1
2946,rsp2946,GT,2 7 6,1,2,4,0,,,econ-1
2954,rsp2954,HND,12 8,1,1,4,1,1,1,econ-reun-2
2958,rsp2958,HND,2 7,1,2,3,1,0,,econ-1
2960,rsp2960-1,HND,1 7,1,1,1,0,,,econ-1
2960,rsp2960-2,HND,1,1,1,1,0,,,econ-1
2960,rsp2960-3,HND,1,1,1,1,0,,,econ-1
2974,rsp2974,HND,2,1,3,3,1,0,,econ-1
2977,rsp2977-1,HND,1,1,1,2,1,0,,econ-1
2977,rsp2977-2,HND,1,1,1,2,1,0,,econ-1
2981,rsp2981,HND,12,1,1,4,1,0,,reun-1
2994,rsp2994,HND,1 6 7,1,2,3,0,,,econ-1
2996,rsp2996,HND,2,1,2,4,1,0,,econ-1
2998,rsp2998,HND,1 2 7,1,1,1,1,0,,econ-1
3001,rsp3001,GT,1 6 8,1,2,4,0,,,econ-1
3002,rsp3002,GT,1 2 8,1,1,4,0,,,econ-1
3012,rsp3012,GT,1 8,1,1,6,0,,,econ-1
3016,rsp3016,HND,1 2 6,1,2,2,0,,,econ-1
3020,rsp3020,HND,1,1,1,2,0,,,econ-1
3034,rsp3034,HND,1 2,1,3,3,1,0,,econ-1
3042,rsp3042,HND,6,1,1,2,1,0,,econ-1
3045,rsp3045,HND,1,1,2,2,1,0,,econ-1
3051,rsp3051,HND,1 11 2,1,2,1,1,0,,econ-sec-2
3054,rsp3054,HND,1 2 3,1,3,3,1,1,1,econ-clim-2
3055,rsp3055-1,HND,2 1 7,1,2,1,1,0,,econ-1
3055,rsp3055-2,HND,2 1 7,1,2,1,1,0,,econ-1
3065,rsp3065,GT,1 2 4,1,1,4,0,,,econ-clim-2
3067,rsp3067,HND,1,1,1,4,1,0,,econ-1
3069,rsp3069,HND,12,1,1,3,0,,,reun-1
3073,rsp3073,HND,1,1,2,3,0,,,econ-1
3075,rsp3075,HND,2 1 6,1,2,4,1,1,1,econ-1
3076,rsp3076,HND,1 2 3,1,2,2,1,1,0,econ-clim-2
3086,rsp3086-1,GT,16,1,2,3,99,,,oth-1
3086,rsp3086-2,GT,16,1,2,3,99,,,oth-1
3086,rsp3086-3,GT,12,1,2,3,99,,,reun-1
3091,rsp3091,GT,1 7,1,2,1,99,,,econ-1
3092,rsp3092,GT,1 7,1,3,4,0,,,econ-1
3095,rsp3095,GT,7 1,1,1,2,1,0,,econ-1
3097,rsp3097,GT,1 2 8,1,1,4,1,0,,econ-1
3098,rsp3098,GT,1 2 8,1,1,3,1,0,,econ-1
3102,rsp3102,GT,8 1,1,1,2,0,,,econ-1
3109,rsp3109,GT,1,1,1,5,0,,,econ-1
3116,rsp3116-1,GT,12,1,1,5,0,,,reun-1
3116,rsp3116-2,GT,1 7 8,1,1,5,0,,,econ-1
3125,rsp3125,GT,10,1,1,4,1,0,,sec-1
3127,rsp3127,HND,1,1,1,1,0,,,econ-1
3137,rsp3137,HND,2 1,1,1,3,0,,,econ-1
3138,rsp3138,HND,1 2 6,1,3,2,1,0,,econ-1
3139,rsp3139,HND,1,1,1,3,0,,,econ-1
3140,rsp3140,HND,1 2 6,1,3,3,1,0,,econ-1
3143,rsp3143,HND,1 2 6,1,3,3,1,1,1,econ-1
3149,rsp3149,GT,1 7 6,1,2,4,0,,,econ-1
3150,rsp3150,GT,1 8 7,1,2,4,0,,,econ-1
3161,rsp3161-1,GT,3 1 2,1,1,2,0,,,econ-clim-2
3161,rsp3161-2,GT,1,1,1,2,0,,,econ-1
3163,rsp3163-1,GT,2 3,1,1,1,0,,,econ-clim-2
3163,rsp3163-2,GT,1 2,1,1,1,0,,,econ-1
3165,rsp3165,GT,3 1,1,1,2,0,,,econ-clim-2
3166,rsp3166-1,HND,1 7,1,1,2,0,,,econ-1
3166,rsp3166-2,HND,7 2,1,1,2,0,,,econ-1
3169,rsp3169,HND,1 2,1,1,1,1,0,,econ-1
3170,rsp3170,HND,1,1,1,2,1,0,,econ-1
3172,rsp3172-1,GT,1 6 2,1,3,1,0,,,econ-1
3172,rsp3172-2,GT,1 2 4,1,3,1,0,,,econ-clim-2
3179,rsp3179,GT,1 7,1,2,2,0,,,econ-1
3180,rsp3180-1,HND,2 1,1,2,1,1,0,,econ-1
3180,rsp3180-2,HND,1 2,1,2,1,1,0,,econ-1
3181,rsp3181,HND,1 2,1,2,2,1,99,,econ-1
3183,rsp3183-1,HND,2 11,1,1,4,1,0,,econ-sec-2
3183,rsp3183-2,HND,1 11,1,1,4,1,0,,econ-sec-2
3185,rsp3185,HND,2 1 7,1,2,2,1,0,,econ-1
3187,rsp3187-1,HND,8 12 16,1,1,5,1,0,,econ-reun-oth-3
3187,rsp3187-2,HND,1 12 9,1,1,5,1,0,,econ-reun-oth-3
3188,rsp3188,HND,1,1,1,2,1,1,1,econ-1
3192,rsp3192,HND,1 2 6,1,1,1,1,0,,econ-1
3194,rsp3194,GT,1 8,1,2,4,0,,,econ-1
3196,rsp3196,GT,1 7 8,1,2,4,0,,,econ-1
3204,rsp3204,HND,8 1 2,1,2,5,0,,,econ-1
3209,rsp3209,HND,1 2 8,1,2,1,1,0,,econ-1
3211,rsp3211-1,HND,1 6 7,1,2,5,1,1,1,econ-1
3211,rsp3211-2,HND,9 99,1,2,5,1,1,1,oth-1
3220,rsp3220,GT,1,1,2,2,0,,,econ-1
3224,rsp3224,GT,1 2 8,1,1,5,0,,,econ-1
3228,rsp3228,GT,2 3 6,1,3,3,0,,,econ-clim-2
3234,rsp3234,GT,1 6,1,3,1,0,,,econ-1
3235,rsp3235,HND,1 2,1,2,4,1,0,,econ-1
3244,rsp3244,GT,6 2,1,1,5,1,0,,econ-1
3245,rsp3245,GT,7 8,1,1,5,0,,,econ-1
3252,rsp3252,HND,1,1,2,5,1,1,1,econ-1
3254,rsp3254,HND,1 15 12,1,1,2,0,,,econ-reun-oth-3
3255,rsp3255-1,GT,1,1,1,1,1,1,1,econ-1
3255,rsp3255-2,GT,1,1,1,1,1,1,1,econ-1
3272,rsp3272,GT,1 2 6,1,2,4,1,0,,econ-1
3273,rsp3273,GT,7,1,2,3,0,,,econ-1
3274,rsp3274,HND,1 2 6,1,3,2,0,,,econ-1
3278,rsp3278-1,HND,1 2 8,1,1,2,0,,,econ-1
3278,rsp3278-2,HND,1 2 8,1,1,2,0,,,econ-1
3284,rsp3284,HND,1 2 5,1,1,2,1,1,1,econ-clim-2
3292,rsp3292,GT,1 8 6,1,1,5,0,,,econ-1
3298,rsp3298-1,HND,1 2 6,1,2,5,1,0,,econ-1
3298,rsp3298-2,HND,1 6 14,1,2,5,1,0,,econ-oth-2
3300,rsp3300,HND,1,1,1,2,0,,,econ-1
3305,rsp3305,HND,1,1,2,2,1,0,,econ-1
3312,rsp3312,GT,12,1,1,5,1,0,,reun-1
3314,rsp3314,GT,15 12,1,1,5,99,,,reun-oth-2
3319,rsp3319-1,GT,1 9,1,2,4,1,0,,econ-oth-2
3319,rsp3319-2,GT,1,1,2,4,1,0,,econ-1
3323,rsp3323,GT,1 8,1,2,4,1,0,,econ-1
3330,rsp3330,HND,1 7 14,1,2,4,1,1,0,econ-oth-2
3331,rsp3331,HND,1 6 5,1,2,4,1,1,1,econ-clim-2
3333,rsp3333,GT,1,1,2,1,0,,,econ-1
3335,rsp3335-1,HND,1 12,1,1,2,1,1,0,econ-reun-2
3335,rsp3335-2,HND,12,1,1,2,1,1,0,reun-1
3335,rsp3335-3,HND,12,1,1,2,1,1,0,reun-1
3336,rsp3336-1,HND,1 2 6,1,2,4,0,,,econ-1
3336,rsp3336-2,HND,2 1 7,1,2,4,0,,,econ-1
3338,rsp3338,HND,1 2 6,1,3,2,0,,,econ-1
3341,rsp3341-1,HND,1 2 7,1,4,1,1,0,,econ-1
3341,rsp3341-2,HND,1 2 7,1,4,1,1,0,,econ-1
3353,rsp3353,SLV,1 8,1,1,1,0,,,econ-1
3360,rsp3360,SLV,1 2 8,1,2,4,1,1,1,econ-1
3361,rsp3361,SLV,1 2 8,1,1,3,1,0,,econ-1
3362,rsp3362-1,SLV,1 8 2,1,2,4,0,,,econ-1
3362,rsp3362-2,SLV,1 8 11,1,2,4,0,,,econ-sec-2
3368,rsp3368-1,SLV,1 8,1,2,5,1,0,,econ-1
3368,rsp3368-2,SLV,1 7 8,1,2,5,1,0,,econ-1
3375,rsp3375,SLV,11 9 8,1,2,4,1,0,,sec-oth-2
3391,rsp3391-1,GT,1 2,1,3,1,0,,,econ-1
3391,rsp3391-2,GT,1 2,1,3,1,0,,,econ-1
3392,rsp3392,GT,1 2 7,1,1,2,1,0,,econ-1
3393,rsp3393,GT,1 2 7,1,2,1,0,,,econ-1
3396,rsp3396,GT,1 2 7,1,3,3,1,0,,econ-1
3402,rsp3402-1,GT,1 6,1,2,3,99,,,econ-1
3402,rsp3402-2,GT,1 6,1,2,3,99,,,econ-1
3402,rsp3402-3,GT,1 6,1,2,3,99,,,econ-1
3402,rsp3402-4,GT,1 4,1,2,3,99,,,econ-clim-2
3415,rsp3415,SLV,1,1,2,2,0,,,econ-1
3421,rsp3421,SLV,1,1,2,4,1,0,,econ-1
3439,rsp3439-1,SLV,1 8,1,2,3,1,0,,econ-1
3439,rsp3439-2,SLV,1 7,1,2,3,1,0,,econ-1
3439,rsp3439-3,SLV,1 7 8,1,2,3,1,0,,econ-1
3444,rsp3444,SLV,15,1,1,1,0,,,oth-1
3445,rsp3445,SLV,1 8 7,1,1,4,0,,,econ-1
3446,rsp3446,HND,1 2 7,1,2,5,0,,,econ-1
3447,rsp3447,HND,1 2 7,1,1,4,0,,,econ-1
3448,rsp3448,HND,1 7 2,1,2,4,0,,,econ-1
3449,rsp3449-1,HND,1 2 7,1,3,4,1,1,0,econ-1
3449,rsp3449-2,HND,1 2 7,1,3,4,1,1,0,econ-1
3450,rsp3450,HND,1 2 7,1,4,4,1,1,1,econ-1
3453,rsp3453,HND,1 2 7,1,3,4,1,1,1,econ-1
3459,rsp3459,SLV,1,1,1,2,0,,,econ-1
3460,rsp3460,SLV,1,1,2,4,1,0,,econ-1
3461,rsp3461,SLV,1 6 8,1,2,4,1,0,,econ-1
3464,rsp3464,SLV,1,1,2,4,0,,,econ-1
3468,rsp3468-1,SLV,7,1,2,2,1,0,,econ-1
3468,rsp3468-2,SLV,7 1,1,2,2,1,0,,econ-1
3480,rsp3480-1,HND,1 8 9,1,1,1,1,0,,econ-oth-2
3480,rsp3480-2,HND,1 6 7,1,1,1,1,0,,econ-1
3497,rsp3497,HND,1 8,1,2,4,0,,,econ-1
3507,rsp3507,HND,1 2 8,1,1,1,0,,,econ-1
3509,rsp3509,HND,1,1,2,1,1,0,,econ-1
3510,rsp3510,HND,1 2 7,1,1,2,0,,,econ-1
3511,rsp3511,HND,1 2 7,1,1,2,1,0,,econ-1
3512,rsp3512,HND,1 2 7,1,1,1,1,0,,econ-1
3513,rsp3513,HND,1 2 7,1,2,2,0,,,econ-1
3514,rsp3514,HND,1 2 7,1,1,2,0,,,econ-1
3534,rsp3534,HND,2,1,3,1,0,,,econ-1
3537,rsp3537,HND,1,1,1,1,0,,,econ-1
3542,rsp3542,HND,1 7,1,2,1,1,0,,econ-1
3545,rsp3545,SLV,1 2 7,1,2,3,0,,,econ-1
3549,rsp3549,SLV,1 7,1,1,4,1,0,,econ-1
3552,rsp3552,SLV,12 1,1,2,4,1,0,,econ-reun-2
3569,rsp3569,HND,1 3 8,1,2,1,1,0,,econ-clim-2
3588,rsp3588,GT,1 2 16,1,3,3,0,,,econ-oth-2
3590,rsp3590,GT,1 2 8,1,2,3,1,0,,econ-1
3594,rsp3594,HND,1,1,3,1,1,0,,econ-1
3598,rsp3598,HND,1,1,1,5,1,0,,econ-1
3605,rsp3605,HND,1 2,1,1,5,0,,,econ-1
3613,rsp3613,HND,1 2,1,2,1,1,0,,econ-1
3614,rsp3614,HND,1,1,1,1,1,0,,econ-1
3615,rsp3615,HND,1 2 6,1,2,1,1,1,0,econ-1
3618,rsp3618-1,HND,1 2,1,1,1,1,0,,econ-1
3618,rsp3618-2,HND,1 2 12,1,1,1,1,0,,econ-reun-2
3618,rsp3618-3,HND,1 2 12,1,1,1,1,0,,econ-reun-2
3621,rsp3621,HND,1 2,1,1,1,1,0,,econ-1
3623,rsp3623,HND,6 1 8,1,3,5,0,,,econ-1
3624,rsp3624,HND,1 8,1,2,1,1,1,0,econ-1
3625,rsp3625-1,HND,1 2,1,1,2,0,,,econ-1
3625,rsp3625-2,HND,1 2,1,1,2,0,,,econ-1
3637,rsp3637,SLV,1 11,1,1,4,1,0,,econ-sec-2
3663,rsp3663,GT,1,1,1,5,0,,,econ-1
3667,rsp3667,HND,1,1,3,3,0,,,econ-1
3670,rsp3670,GT,1 2 8,1,2,4,0,,,econ-1
3673,rsp3673,GT,3 8,1,1,2,0,,,econ-clim-2
3674,rsp3674,GT,1 8,1,1,1,0,,,econ-1
3680,rsp3680,GT,6,1,2,3,0,,,econ-1
3685,rsp3685,GT,1 2,1,2,3,1,0,,econ-1
3692,rsp3692-1,HND,1 2,1,1,5,1,0,,econ-1
3692,rsp3692-2,HND,16,1,1,5,1,0,,oth-1
3693,rsp3693-1,HND,1 2 8,1,1,5,1,1,1,econ-1
3693,rsp3693-2,HND,1 2 8,1,1,5,1,1,1,econ-1
3693,rsp3693-3,HND,1 2 6,1,1,5,1,1,1,econ-1
3698,rsp3698,HND,16 2,1,2,4,1,1,1,econ-oth-2
3699,rsp3699,HND,2 1 3,1,2,3,0,,,econ-clim-2
3703,rsp3703,GT,1 6,1,2,4,0,,,econ-1
3722,rsp3722-1,HND,2 4 7,1,2,3,1,0,,econ-clim-2
3722,rsp3722-2,HND,2 4 7,1,2,3,1,0,,econ-clim-2
3722,rsp3722-3,HND,2 4 7,1,2,3,1,0,,econ-clim-2
3722,rsp3722-4,HND,2 4 7,1,2,3,1,0,,econ-clim-2
3733,rsp3733-1,HND,15 12,1,1,2,0,,,reun-oth-2
3733,rsp3733-2,HND,12 15,1,1,2,0,,,reun-oth-2
3733,rsp3733-3,HND,12 15,1,1,2,0,,,reun-oth-2
3734,rsp3734,HND,9 11,1,2,4,0,,,sec-oth-2
3737,rsp3737,GT,7 8,1,1,2,1,1,1,econ-1
3742,rsp3742,GT,1,1,2,3,0,,,econ-1
3753,rsp3753,HND,12 15,1,1,1,0,,,reun-oth-2
3754,rsp3754,HND,1 2 9,1,1,5,1,0,,econ-oth-2
3756,rsp3756,HND,1 2,1,2,2,1,0,,econ-1
3757,rsp3757,HND,1 2,1,2,1,0,,,econ-1
3760,rsp3760-1,HND,1 2 6,1,1,1,0,,,econ-1
3760,rsp3760-2,HND,1 2 8,1,1,1,0,,,econ-1
3761,rsp3761-1,HND,9 11 15,1,2,2,1,0,,sec-oth-2
3761,rsp3761-2,HND,1 2 6,1,2,2,1,0,,econ-1
3762,rsp3762,HND,1 2,1,2,3,1,1,1,econ-1
3763,rsp3763,HND,1 7 8,1,1,4,0,,,econ-1
3767,rsp3767,HND,1 7 2,1,2,3,0,,,econ-1
3768,rsp3768-1,HND,9 11,1,1,3,1,0,,sec-oth-2
3768,rsp3768-2,HND,1 2,1,1,3,1,0,,econ-1
3770,rsp3770,HND,1 7,1,1,2,1,0,,econ-1
3771,rsp3771-1,HND,1 2,1,2,1,1,0,,econ-1
3771,rsp3771-2,HND,1 2,1,2,1,1,0,,econ-1
3774,rsp3774,HND,1,1,1,2,0,,,econ-1
3778,rsp3778,HND,1 2 12,1,1,6,1,0,,econ-reun-2
3779,rsp3779-1,HND,2 1 6,1,2,4,1,0,,econ-1
3779,rsp3779-2,HND,2 1 6,1,2,4,1,0,,econ-1
3798,rsp3798-1,SLV,1 2,1,1,3,0,,,econ-1
3798,rsp3798-2,SLV,1 2 8,1,1,3,0,,,econ-1
3799,rsp3799,SLV,1 8,1,1,1,0,,,econ-1
3828,rsp3828-1,SLV,1 8 11,1,2,1,0,,,econ-sec-2
3828,rsp3828-2,SLV,1 9 8,1,2,1,0,,,econ-oth-2
3832,rsp3832,SLV,1 7,1,3,1,1,0,,econ-1
3833,rsp3833,SLV,12,1,3,3,1,0,,reun-1
3834,rsp3834-1,SLV,1 2 7,1,2,4,1,0,,econ-1
3834,rsp3834-2,SLV,1 2 7,1,2,4,1,0,,econ-1
3839,rsp3839,SLV,11,1,2,1,1,0,,sec-1
3845,rsp3845-1,SLV,1,1,2,4,1,0,,econ-1
3845,rsp3845-2,SLV,1,1,2,4,1,0,,econ-1
3862,rsp3862,SLV,1 7 8,1,1,4,1,0,,econ-1
3863,rsp3863,SLV,2 1 7,1,1,3,1,0,,econ-1
3869,rsp3869-1,SLV,1,1,2,2,0,,,econ-1
3869,rsp3869-2,SLV,1,1,2,2,0,,,econ-1
3871,rsp3871,HND,1 7 8,1,3,1,0,,,econ-1
3885,rsp3885-1,HND,1,1,3,4,1,1,0,econ-1
3885,rsp3885-2,HND,1,1,3,4,1,1,0,econ-1
3890,rsp3890-1,SLV,1,1,3,4,1,1,0,econ-1
3890,rsp3890-2,SLV,1,1,3,4,1,1,0,econ-1
3895,rsp3895,HND,9,1,1,5,0,,,oth-1
3896,rsp3896,SLV,1 7 8,1,2,4,0,,,econ-1
3899,rsp3899,SLV,1 2 8,1,1,3,0,,,econ-1
3906,rsp3906,SLV,1 8,1,1,4,1,0,,econ-1
3908,rsp3908,HND,1,1,2,4,1,0,,econ-1
3920,rsp3920-1,SLV,1 8 2,1,2,4,1,0,,econ-1
3920,rsp3920-2,SLV,9,1,2,4,1,0,,oth-1
3921,rsp3921-1,SLV,1 2,1,2,4,0,,,econ-1
3921,rsp3921-2,SLV,12 8,1,2,4,0,,,econ-reun-2
3922,rsp3922,SLV,12,1,2,5,1,0,,reun-1
3924,rsp3924,SLV,1 8,1,2,3,1,0,,econ-1
3928,rsp3928,SLV,15 12,1,1,4,0,,,reun-oth-2
3931,rsp3931,SLV,1 6 8,1,2,2,1,0,,econ-1
3932,rsp3932,SLV,2 1,1,2,4,0,,,econ-1
3933,rsp3933,SLV,1 2 6,1,2,2,0,,,econ-1
3935,rsp3935-1,HND,1,1,2,3,0,,,econ-1
3935,rsp3935-2,HND,16,1,2,3,0,,,oth-1
3935,rsp3935-3,HND,9,1,2,3,0,,,oth-1
3939,rsp3939-1,HND,2 6,1,2,3,1,0,,econ-1
3939,rsp3939-2,HND,9,1,2,3,1,0,,oth-1
3940,rsp3940,HND,1 2 6,1,2,3,0,,,econ-1
3944,rsp3944,HND,1 3 7,1,1,2,0,,,econ-clim-2
3945,rsp3945,HND,1 2 7,1,1,2,1,0,,econ-1
3946,rsp3946,HND,1 2 7,1,1,2,0,,,econ-1
3947,rsp3947,HND,1 6 7,1,2,2,0,,,econ-1
3948,rsp3948,HND,1 2 7,1,1,1,0,,,econ-1
3958,rsp3958,HND,1 2,1,2,4,1,0,,econ-1
3960,rsp3960-1,HND,1,1,1,5,99,,,econ-1
3960,rsp3960-2,HND,1,1,1,5,99,,,econ-1
3965,rsp3965,HND,1,1,1,2,0,,,econ-1
3977,rsp3977,SLV,11,1,1,2,1,1,0,sec-1
3985,rsp3985,HND,12 6,1,1,2,0,,,econ-reun-2
3993,rsp3993,HND,1 2,1,1,2,0,,,econ-1
3994,rsp3994,HND,1 7,1,2,1,1,0,,econ-1
4008,rsp4008,SLV,14 13 12,1,1,5,1,0,,reun-oth-2
4009,rsp4009,SLV,12 15,1,2,2,0,,,reun-oth-2
4013,rsp4013-1,SLV,15 12,1,2,2,0,,,reun-oth-2
4013,rsp4013-2,SLV,15 12,1,2,2,0,,,reun-oth-2
4017,rsp4017,HND,1 2 6,1,1,2,0,,,econ-1
4021,rsp4021,HND,2 1 8,1,1,1,0,,,econ-1
4023,rsp4023-1,HND,1 2 7,1,2,4,1,0,,econ-1
4023,rsp4023-2,HND,12 16 9,1,2,4,1,0,,reun-oth-2
4027,rsp4027-1,SLV,1 7,1,2,3,0,,,econ-1
4027,rsp4027-2,SLV,7 1 2,1,2,3,0,,,econ-1
4027,rsp4027-3,SLV,1 2 7,1,2,3,0,,,econ-1
4028,rsp4028,SLV,3 1 6,1,2,4,0,,,econ-clim-2
4030,rsp4030-1,HND,16,1,1,3,0,,,oth-1
4030,rsp4030-2,HND,8,1,1,3,0,,,econ-1
4033,rsp4033-1,HND,1 9 13,1,1,2,1,0,,econ-oth-2
4033,rsp4033-2,HND,9,1,1,2,1,0,,oth-1
4033,rsp4033-3,HND,9,1,1,2,1,0,,oth-1
4041,rsp4041,GT,1 2 6,1,3,2,1,0,,econ-1
4048,rsp4048,GT,1 2,1,1,3,0,,,econ-1
4049,rsp4049-1,GT,1 3,1,1,2,1,0,,econ-clim-2
4049,rsp4049-2,GT,1 2,1,1,2,1,0,,econ-1
4049,rsp4049-3,GT,1 2,1,1,2,1,0,,econ-1
4051,rsp4051-1,GT,2 1 7,1,1,3,0,,,econ-1
4051,rsp4051-2,GT,1 2 7,1,1,3,0,,,econ-1
4051,rsp4051-3,GT,9,1,1,3,0,,,oth-1
4051,rsp4051-4,GT,1 2,1,1,3,0,,,econ-1
4051,rsp4051-5,GT,9,1,1,3,0,,,oth-1
4059,rsp4059,GT,1 2 7,1,2,4,1,0,,econ-1
4063,rsp4063,GT,1 2,1,1,5,0,,,econ-1
4076,rsp4076,GT,2,1,2,3,0,,,econ-1
4080,rsp4080-1,HND,16,1,3,2,1,0,,oth-1
4080,rsp4080-2,HND,1 6,1,3,2,1,0,,econ-1
4081,rsp4081,HND,2 1,1,3,3,1,0,,econ-1
4082,rsp4082,HND,2 1 8,1,3,3,0,,,econ-1
4083,rsp4083-1,HND,1 2 9,1,1,1,0,,,econ-oth-2
4083,rsp4083-2,HND,1 2 9,1,1,1,0,,,econ-oth-2
4084,rsp4084,HND,1 2 8,1,3,3,1,1,1,econ-1
4086,rsp4086,HND,2 1,1,1,2,0,,,econ-1
4089,rsp4089,HND,1 2 3,1,1,1,0,,,econ-clim-2
4092,rsp4092,HND,1 7 8,1,3,1,1,1,1,econ-1
4096,rsp4096-1,HND,1,1,3,2,0,,,econ-1
4096,rsp4096-2,HND,1,1,3,2,0,,,econ-1
4096,rsp4096-3,HND,1,1,3,2,0,,,econ-1
4097,rsp4097-1,HND,1,1,2,1,1,0,,econ-1
4097,rsp4097-2,HND,1 2,1,2,1,1,0,,econ-1
4097,rsp4097-3,HND,1,1,2,1,1,0,,econ-1
4098,rsp4098,HND,1,1,2,4,0,,,econ-1
4099,rsp4099-1,HND,1 2,1,3,2,0,,,econ-1
4099,rsp4099-2,HND,1 6 8,1,3,2,0,,,econ-1
4100,rsp4100,HND,1 2 7,1,1,4,1,99,,econ-1
4101,rsp4101-1,HND,1 2 6,1,3,1,1,1,0,econ-1
4101,rsp4101-2,HND,1 6,1,3,1,1,1,0,econ-1
4106,rsp4106,GT,1 7 8,1,1,3,1,1,1,econ-1
4108,rsp4108,GT,1,1,1,2,0,,,econ-1
4110,rsp4110,GT,1,1,2,4,0,,,econ-1
4111,rsp4111,GT,1 7,1,1,1,0,,,econ-1
4113,rsp4113,HND,1 2 7,1,2,5,1,0,,econ-1
4115,rsp4115,GT,1 11,1,2,3,0,,,econ-sec-2
4121,rsp4121,HND,1 8,1,2,5,1,99,,econ-1
4124,rsp4124,HND,1 6 2,1,1,4,1,0,,econ-1
4126,rsp4126,HND,1 7 8,1,1,5,0,,,econ-1
4137,rsp4137,GT,1 6,1,2,2,0,,,econ-1
4140,rsp4140,GT,1,1,1,4,1,0,,econ-1
4142,rsp4142,GT,1,1,2,4,0,,,econ-1
4147,rsp4147,GT,2 1 8,1,1,2,1,0,,econ-1
4154,rsp4154,GT,1 2 8,1,1,4,0,,,econ-1
4157,rsp4157,HND,1 8 16,1,2,4,1,0,,econ-oth-2
4164,rsp4164,HND,2,1,1,3,1,0,,econ-1
4166,rsp4166,HND,1 2,1,1,4,1,0,,econ-1
4170,rsp4170-1,HND,12,1,1,4,1,1,0,reun-1
4170,rsp4170-2,HND,12,1,1,4,1,1,0,reun-1
4172,rsp4172,HND,1 6 2,1,1,5,0,,,econ-1
4178,rsp4178,HND,1 6,1,3,4,0,,,econ-1
4184,rsp4184,HND,7 2,1,2,2,1,0,,econ-1
4188,rsp4188,HND,1 2,1,2,2,1,1,0,econ-1
4189,rsp4189,HND,1 2,1,2,2,1,1,0,econ-1
4190,rsp4190-1,HND,1 2,1,3,2,0,,,econ-1
4190,rsp4190-2,HND,1 2,1,3,2,0,,,econ-1
4201,rsp4201-1,SLV,15,1,1,6,0,,,oth-1
4201,rsp4201-2,SLV,15,1,1,6,0,,,oth-1
4204,rsp4204,SLV,1 8 7,1,2,4,1,0,,econ-1
4206,rsp4206,SLV,1,1,2,5,0,,,econ-1
4207,rsp4207,SLV,11,1,1,5,1,0,,sec-1
4218,rsp4218,SLV,1 16,1,2,4,1,0,,econ-oth-2
4226,rsp4226-1,SLV,1 2,1,1,1,1,0,,econ-1
4226,rsp4226-2,SLV,1 2,1,1,1,1,0,,econ-1
4227,rsp4227,SLV,1 2,1,1,2,1,1,1,econ-1
4228,rsp4228,SLV,12,1,3,2,1,0,,reun-1
4231,rsp4231-1,HND,1,1,2,1,0,,,econ-1
4231,rsp4231-2,HND,1 7 8,1,2,1,0,,,econ-1
4233,rsp4233,HND,1,1,1,3,1,0,,econ-1
4234,rsp4234,HND,1 2 7,1,1,2,1,1,0,econ-1
4237,rsp4237-1,SLV,1 2 8,1,2,1,1,1,0,econ-1
4237,rsp4237-2,SLV,1 9 7,1,2,1,1,1,0,econ-oth-2
4239,rsp4239,SLV,1 8,1,1,1,1,0,,econ-1
4240,rsp4240,SLV,1 16 7,1,1,1,1,0,,econ-oth-2
4241,rsp4241,SLV,1 7 14,1,1,3,1,0,,econ-oth-2
4250,rsp4250,SLV,2 1,1,1,2,1,0,,econ-1
4256,rsp4256,SLV,1 2 7,1,2,3,0,,,econ-1
4259,rsp4259,SLV,1 7 8,1,2,4,1,0,,econ-1
4260,rsp4260,HND,1 6 7,1,2,1,1,0,,econ-1
4261,rsp4261,HND,1 2 7,1,1,2,1,0,,econ-1
4262,rsp4262,HND,1 2 7,1,2,2,1,0,,econ-1
4263,rsp4263,HND,1 2 7,1,2,2,0,,,econ-1
4264,rsp4264,HND,1 2 7,1,1,2,1,0,,econ-1
4267,rsp4267,HND,1,1,1,1,1,0,,econ-1
4273,rsp4273,SLV,1 2 6,1,1,4,0,,,econ-1
4274,rsp4274-1,SLV,1 6 7,1,1,4,1,0,,econ-1
4274,rsp4274-2,SLV,1 6 16,1,1,4,1,0,,econ-oth-2
4276,rsp4276,SLV,1 2,1,2,4,1,0,,econ-1
4290,rsp4290-1,SLV,1 8,1,2,3,1,0,,econ-1
4290,rsp4290-2,SLV,16,1,2,3,1,0,,oth-1
4294,rsp4294,SLV,1 7,1,2,2,0,,,econ-1
4295,rsp4295-1,SLV,12,1,1,3,0,,,reun-1
4295,rsp4295-2,SLV,1,1,1,3,0,,,econ-1
4295,rsp4295-3,SLV,12,1,1,3,0,,,reun-1
4304,rsp4304,SLV,2 1,1,2,2,1,0,,econ-1
4308,rsp4308,SLV,1 2,1,1,3,1,0,,econ-1
4310,rsp4310,SLV,1 6,1,1,3,1,0,,econ-1
4311,rsp4311,SLV,1,1,1,3,1,0,,econ-1
4313,rsp4313,SLV,1 8,1,1,4,0,,,econ-1
4317,rsp4317,SLV,1 2,1,2,4,1,0,,econ-1
4323,rsp4323,SLV,1,1,2,2,1,0,,econ-1
4325,rsp4325-1,SLV,2 7,1,1,4,1,0,,econ-1
4325,rsp4325-2,SLV,8 9,1,1,4,1,0,,econ-oth-2
4325,rsp4325-3,SLV,1 7,1,1,4,1,0,,econ-1
4325,rsp4325-4,SLV,8 9,1,1,4,1,0,,econ-oth-2
4326,rsp4326,SLV,1 8,1,2,4,0,,,econ-1
4327,rsp4327-1,SLV,16,1,1,3,1,0,,oth-1
4327,rsp4327-2,SLV,16,1,1,3,1,0,,oth-1
4328,rsp4328-1,SLV,1 2 8,1,1,4,1,0,,econ-1
4328,rsp4328-2,SLV,1 3 8,1,1,4,1,0,,econ-clim-2
4330,rsp4330,SLV,1 7,1,2,3,0,,,econ-1
4335,rsp4335,SLV,16,1,1,4,1,0,,oth-1
4340,rsp4340,SLV,1 2,1,1,4,0,,,econ-1
4350,rsp4350,HND,1 2 6,1,2,3,0,,,econ-1
4351,rsp4351,HND,2 1 7,1,2,3,0,,,econ-1
4352,rsp4352,HND,2 1,1,2,3,0,,,econ-1
4353,rsp4353,HND,1,1,2,1,0,,,econ-1
4357,rsp4357,HND,1 3 2,1,2,2,1,1,0,econ-clim-2
4363,rsp4363,SLV,1 2 6,1,2,1,1,0,,econ-1
4364,rsp4364,SLV,1,1,2,4,1,0,,econ-1
4365,rsp4365,SLV,1,1,1,3,0,,,econ-1
4368,rsp4368-1,SLV,16,1,2,3,1,1,0,oth-1
4368,rsp4368-2,SLV,1 8,1,2,3,1,1,0,econ-1
4368,rsp4368-3,SLV,1 8,1,2,3,1,1,0,econ-1
4369,rsp4369,SLV,1 12 6,1,1,4,1,0,,econ-reun-2
4370,rsp4370,SLV,2 1,1,1,2,0,,,econ-1
4371,rsp4371-1,SLV,2 1,1,1,1,0,,,econ-1
4371,rsp4371-2,SLV,7 2 1,1,1,1,0,,,econ-1
4375,rsp4375,SLV,1,1,2,4,0,,,econ-1
4376,rsp4376,SLV,1,1,2,1,0,,,econ-1
4388,rsp4388,HND,1 2 6,1,1,1,0,,,econ-1
4390,rsp4390-1,HND,2 1 7,1,1,1,0,,,econ-1
4390,rsp4390-2,HND,2 1,1,1,1,0,,,econ-1
4391,rsp4391,HND,1 2,1,1,1,0,,,econ-1
4392,rsp4392,HND,1 2 6,1,1,1,0,,,econ-1
4396,rsp4396,GT,1 2,1,2,1,0,,,econ-1
4401,rsp4401,GT,1 2,1,2,1,1,0,,econ-1
4403,rsp4403,GT,1,1,1,3,0,,,econ-1
4409,rsp4409,GT,1 2,1,2,3,1,0,,econ-1
4422,rsp4422,HND,11,1,1,4,1,0,,sec-1
4424,rsp4424,HND,1,1,1,4,1,0,,econ-1
4428,rsp4428,HND,1 2,1,1,4,1,99,,econ-1
4429,rsp4429,HND,1,1,1,1,1,1,0,econ-1
4432,rsp4432-1,HND,9,1,2,1,0,,,oth-1
4432,rsp4432-2,HND,9,1,2,1,0,,,oth-1
4432,rsp4432-3,HND,15,1,2,1,0,,,oth-1
4434,rsp4434,HND,9 1 2,1,1,1,1,0,,econ-oth-2
4436,rsp4436,HND,1 2,1,1,1,1,0,,econ-1
4438,rsp4438,HND,1 2,1,2,2,0,,,econ-1
4443,rsp4443,HND,2,1,2,2,0,,,econ-1
4449,rsp4449-1,GT,7 8,1,1,5,1,0,,econ-1
4449,rsp4449-2,GT,7 6 8,1,1,5,1,0,,econ-1
4449,rsp4449-3,GT,1 2 8,1,1,5,1,0,,econ-1
4456,rsp4456,GT,1 2 3,1,3,1,0,,,econ-clim-2
4463,rsp4463,HND,1 7 14,1,1,5,1,0,,econ-oth-2
4464,rsp4464-1,HND,1 2 6,1,1,4,0,,,econ-1
4464,rsp4464-2,HND,1 2 7,1,1,4,0,,,econ-1
4480,rsp4480,SLV,8,1,2,2,0,,,econ-1
4489,rsp4489-1,SLV,2 11,1,2,4,1,99,,econ-sec-2
4489,rsp4489-2,SLV,2 11,1,2,4,1,99,,econ-sec-2
4499,rsp4499,SLV,1,1,2,4,0,,,econ-1
4508,rsp4508,SLV,1 2,1,1,5,0,,,econ-1
4510,rsp4510,SLV,2 11,1,3,3,0,,,econ-sec-2
4515,rsp4515,SLV,1 11,1,2,4,0,,,econ-sec-2
4521,rsp4521,SLV,1 7,1,2,4,0,,,econ-1
4526,rsp4526,SLV,1 2,1,2,3,1,1,1,econ-1
4532,rsp4532,SLV,1,1,2,1,1,0,,econ-1
4533,rsp4533,SLV,1 8 7,1,1,4,1,0,,econ-1
4538,rsp4538,SLV,1 2,1,1,1,1,0,,econ-1
4540,rsp4540,SLV,1 2,1,2,3,0,,,econ-1
4544,rsp4544,SLV,12,1,2,2,1,0,,reun-1
4553,rsp4553-1,SLV,1 2,1,3,4,0,,,econ-1
4553,rsp4553-2,SLV,16,1,3,4,0,,,oth-1
4553,rsp4553-3,SLV,16 1 2,1,3,4,0,,,econ-oth-2
4553,rsp4553-4,SLV,1 2,1,3,4,0,,,econ-1
4560,rsp4560-1,SLV,1 2 11,1,1,3,1,1,0,econ-sec-2
4560,rsp4560-2,SLV,1 2 16,1,1,3,1,1,0,econ-oth-2
4560,rsp4560-3,SLV,1 2 16,1,1,3,1,1,0,econ-oth-2
4560,rsp4560-4,SLV,1 2 9,1,1,3,1,1,0,econ-oth-2
4569,rsp4569-1,SLV,1 2 8,1,2,2,1,1,0,econ-1
4569,rsp4569-2,SLV,9 12,1,2,2,1,1,0,reun-oth-2
4573,rsp4573,SLV,1 2 8,1,1,4,1,0,,econ-1
4578,rsp4578,SLV,1,1,1,5,1,0,,econ-1
4581,rsp4581,SLV,1 2 8,1,1,6,1,0,,econ-1
4588,rsp4588,SLV,12,1,2,4,1,0,,reun-1
4592,rsp4592,SLV,1 6 7,1,1,4,1,0,,econ-1
4596,rsp4596,SLV,1,1,1,4,0,,,econ-1
4605,rsp4605,SLV,11 1 9,1,1,1,0,,,sec-oth-2
4610,rsp4610,SLV,1 7 8,1,2,3,0,,,econ-1
4612,rsp4612,SLV,1 7 6,1,1,2,1,0,,econ-1
4614,rsp4614,SLV,1,1,2,1,1,0,,econ-1
4620,rsp4620,SLV,1 8,1,1,3,1,0,,econ-1
4623,rsp4623-1,SLV,1 8,1,1,4,1,0,,econ-1
4623,rsp4623-2,SLV,1 8,1,1,4,1,0,,econ-1
4623,rsp4623-3,SLV,12,1,1,4,1,0,,reun-1
4625,rsp4625-1,SLV,16,1,2,4,1,0,,oth-1
4625,rsp4625-2,SLV,1 7,1,2,4,1,0,,econ-1
4626,rsp4626,SLV,7 1,1,1,3,1,0,,econ-1
4627,rsp4627-1,SLV,11 16,1,1,3,1,0,,sec-oth-2
4627,rsp4627-2,SLV,11 16,1,1,3,1,0,,sec-oth-2
4630,rsp4630-1,HND,1,1,2,1,1,0,,econ-1
4630,rsp4630-2,HND,1,1,2,1,1,0,,econ-1
4630,rsp4630-3,HND,1,1,2,1,1,0,,econ-1
4632,rsp4632,HND,1,1,3,2,1,0,,econ-1
4635,rsp4635,HND,1,1,3,1,1,0,,econ-1
4637,rsp4637,HND,1 7 8,1,2,1,1,0,,econ-1
4638,rsp4638,HND,8 6 7,1,2,1,0,,,econ-1
4645,rsp4645,GT,1,1,1,5,99,,,econ-1
4648,rsp4648,GT,1 2 7,1,2,1,1,0,,econ-1
4654,rsp4654,GT,1 2,1,2,4,0,,,econ-1
4661,rsp4661,HND,2 3,1,2,1,1,0,,econ-clim-2
4665,rsp4665,GT,2 7,1,2,5,1,0,,econ-1
4667,rsp4667,GT,2 1 7,1,3,1,0,,,econ-1
4668,rsp4668,GT,1 2 7,1,1,3,0,,,econ-1
4672,rsp4672,GT,1 3 6,1,3,1,0,,,econ-clim-2
4684,rsp4684,GT,1 8,1,1,5,1,0,,econ-1
4694,rsp4694,GT,1 8,1,1,4,1,0,,econ-1
4696,rsp4696,SLV,16,1,2,4,1,0,,oth-1
4699,rsp4699,SLV,2 1 8,1,1,4,1,0,,econ-1
4703,rsp4703-1,SLV,1 7 11,1,2,4,1,0,,econ-sec-2
4703,rsp4703-2,SLV,1 7 11,1,2,4,1,0,,econ-sec-2
4703,rsp4703-3,SLV,9 11,1,2,4,1,0,,sec-oth-2
4706,rsp4706,SLV,1 8 7,1,1,1,1,0,,econ-1
4713,rsp4713,GT,1 6 8,1,1,4,1,0,,econ-1
4714,rsp4714,GT,6 3 1,1,1,4,0,,,econ-clim-2
4718,rsp4718-1,SLV,1,1,2,4,1,0,,econ-1
4718,rsp4718-2,SLV,1,1,2,4,1,0,,econ-1
4718,rsp4718-3,SLV,1,1,2,4,1,0,,econ-1
4718,rsp4718-4,SLV,1 12,1,2,4,1,0,,econ-reun-2
4719,rsp4719,SLV,1 2,1,2,4,1,0,,econ-1
4723,rsp4723,SLV,2 1 11,1,2,4,0,,,econ-sec-2
4725,rsp4725,SLV,12,1,1,3,1,1,1,reun-1
4726,rsp4726-1,GT,1 2 6,1,1,4,1,0,,econ-1
4726,rsp4726-2,GT,1 2 7,1,1,4,1,0,,econ-1
4738,rsp4738,SLV,1 2 11,1,2,4,1,0,,econ-sec-2
4740,rsp4740-1,SLV,1 2 7,1,2,4,1,1,1,econ-1
4740,rsp4740-2,SLV,1 2 7,1,2,4,1,1,1,econ-1
4743,rsp4743,SLV,1,1,1,2,99,,,econ-1
4747,rsp4747,GT,1 2 6,1,2,2,0,,,econ-1
4751,rsp4751,SLV,1 2 6,1,2,3,1,0,,econ-1
4758,rsp4758,SLV,1 2,1,2,4,1,0,,econ-1
4773,rsp4773,SLV,12 16,1,1,4,0,,,reun-oth-2
4775,rsp4775-1,SLV,1 2,1,2,4,1,0,,econ-1
4775,rsp4775-2,SLV,1 2 7,1,2,4,1,0,,econ-1
4780,rsp4780,SLV,1,1,1,6,1,1,1,econ-1
4787,rsp4787,SLV,1,1,2,6,1,0,,econ-1
4803,rsp4803,SLV,16 1 11,1,2,4,1,0,,sec-oth-2
4805,rsp4805,SLV,1 11,1,2,4,0,,,econ-sec-2
4815,rsp4815,GT,1 6,1,1,5,0,,,econ-1
4820,rsp4820,GT,2 1 8,1,2,4,0,,,econ-1
4821,rsp4821,GT,1 2,1,1,4,0,,,econ-1
4826,rsp4826,GT,1 2 7,1,2,1,0,,,econ-1
4827,rsp4827,GT,2 1 7,1,2,3,0,,,econ-1
4828,rsp4828,GT,1 2 7,1,2,3,0,,,econ-1
4838,rsp4838,SLV,1 6,1,1,3,0,,,econ-1
4853,rsp4853,GT,1 7,1,2,4,0,,,econ-1
4856,rsp4856,SLV,1,1,1,2,1,0,,econ-1
4857,rsp4857,SLV,1,1,1,2,0,,,econ-1
4864,rsp4864,SLV,1 13,1,1,1,0,,,econ-oth-2
4867,rsp4867,SLV,1 7 9,1,3,4,1,1,1,econ-oth-2
4876,rsp4876-1,SLV,1 7,1,2,4,1,0,,econ-1
4876,rsp4876-2,SLV,1 7,1,2,4,1,0,,econ-1
4876,rsp4876-3,SLV,1 7,1,2,4,1,0,,econ-1
4878,rsp4878,SLV,15,1,1,5,0,,,oth-1
4879,rsp4879,SLV,2 1,1,1,4,1,0,,econ-1
4885,rsp4885-1,SLV,13 15,1,2,4,0,,,econ-oth-2
4885,rsp4885-2,SLV,15,1,2,4,0,,,oth-1
4887,rsp4887-1,SLV,12,1,1,5,0,,,reun-1
4887,rsp4887-2,SLV,12,1,1,5,0,,,reun-1
4887,rsp4887-3,SLV,1 2,1,1,5,0,,,econ-1
4903,rsp4903,SLV,1 2 7,1,1,2,1,1,0,econ-1
4908,rsp4908,SLV,15,1,1,5,1,0,,oth-1
4912,rsp4912,SLV,15,1,1,2,1,0,,oth-1
4916,rsp4916,SLV,8,1,1,4,0,,,econ-1
4942,rsp4942,SLV,1,1,1,5,0,,,econ-1
4945,rsp4945,SLV,1,1,2,5,0,,,econ-1
4957,rsp4957-1,SLV,1 12 2,1,1,5,1,0,,econ-reun-2
4957,rsp4957-2,SLV,1 2 9,1,1,5,1,0,,econ-oth-2
4959,rsp4959,SLV,1 2 11,1,2,4,1,0,,econ-sec-2
4964,rsp4964,SLV,1 2 8,1,2,2,0,,,econ-1
4966,rsp4966-1,SLV,1 2,1,2,4,1,1,1,econ-1
4966,rsp4966-2,SLV,1,1,2,4,1,1,1,econ-1
4970,rsp4970,SLV,1,1,2,3,99,,,econ-1
4975,rsp4975-1,SLV,8,1,2,4,1,0,,econ-1
4975,rsp4975-2,SLV,1 2 8,1,2,4,1,0,,econ-1
4982,rsp4982,HND,1 6 8,1,1,2,0,,,econ-1
4983,rsp4983-1,HND,1 6,1,1,1,0,,,econ-1
4983,rsp4983-2,HND,1,1,1,1,0,,,econ-1
4983,rsp4983-3,HND,1 6 7,1,1,1,0,,,econ-1